gene,gene_category
AAMP,common essential
AARS,common essential
AASDHPPT,common essential
ABCB7,common essential
ABCE1,common essential
ABCF1,common essential
ABT1,common essential
ACO2,common essential
ACTL6A,common essential
ACTR10,common essential
ACTR3,common essential
ACTR6,common essential
ACTR8,common essential
ADAT2,common essential
ADSL,common essential
AFG3L2,common essential
AHCY,common essential
AIFM1,common essential
AKIRIN2,common essential
ALDOA,common essential
ALG1,common essential
ALG11,common essential
ALG13,common essential
ALG14,common essential
ALG2,common essential
ALG8,common essential
ALYREF,common essential
AMD1,common essential
ANAPC10,common essential
ANAPC11,common essential
ANAPC15,common essential
ANAPC4,common essential
ANAPC5,common essential
ANKLE2,common essential
ANLN,common essential
AP2S1,common essential
AQR,common essential
ARCN1,common essential
ARGLU1,common essential
ARL2,common essential
ARMC7,common essential
ARPC4,common essential
ASCC3,common essential
ATIC,common essential
ATL2,common essential
ATP13A1,common essential
ATP1A1,common essential
ATP2A2,common essential
ATP6AP2,common essential
ATP6V0B,common essential
ATP6V0C,common essential
ATP6V0D1,common essential
ATP6V1A,common essential
ATP6V1D,common essential
ATP6V1E1,common essential
ATP6V1G1,common essential
ATR,common essential
ATRIP,common essential
ATRX,common essential
BARD1,common essential
BCAS2,common essential
BCCIP,common essential
BCL2L1,common essential
BCS1L,common essential
BDP1,common essential
BET1,common essential
BIRC5,common essential
BLM,common essential
BMS1,common essential
BNIP1,common essential
BOD1L1,common essential
BORA,common essential
BPTF,common essential
BRCA1,common essential
BRCA2,common essential
BRD4,common essential
BRD8,common essential
BRF1,common essential
BRIX1,common essential
BTAF1,common essential
BUB1B,common essential
BUB3,common essential
BUD13,common essential
BUD31,common essential
BYSL,common essential
C12orf45,common essential
C15orf41,common essential
C18orf21,common essential
C1orf131,common essential
C9orf78,common essential
CAD,common essential
CARS,common essential
CCDC115,common essential
CCDC130,common essential
CCDC84,common essential
CCDC86,common essential
CCNA2,common essential
CCNH,common essential
CCNK,common essential
CCP110,common essential
CCT2,common essential
CCT3,common essential
CCT4,common essential
CCT5,common essential
CCT6A,common essential
CCT7,common essential
CD3EAP,common essential
CDC123,common essential
CDC16,common essential
CDC20,common essential
CDC23,common essential
CDC37,common essential
CDC40,common essential
CDC45,common essential
CDC5L,common essential
CDC6,common essential
CDC7,common essential
CDC73,common essential
CDCA5,common essential
CDIPT,common essential
CDK1,common essential
CDK12,common essential
CDK9,common essential
CDT1,common essential
CEBPZ,common essential
CENPA,common essential
CENPH,common essential
CENPJ,common essential
CENPL,common essential
CENPM,common essential
CENPN,common essential
CENPW,common essential
CEP135,common essential
CEP152,common essential
CEP192,common essential
CEP57,common essential
CEP85,common essential
CEP97,common essential
CFDP1,common essential
CHAF1A,common essential
CHAF1B,common essential
CHEK1,common essential
CHERP,common essential
CHMP2A,common essential
CHMP3,common essential
CHMP4B,common essential
CHMP6,common essential
CHORDC1,common essential
CIAO1,common essential
CINP,common essential
CKAP5,common essential
CLASRP,common essential
CLNS1A,common essential
CLP1,common essential
CLTC,common essential
CMPK1,common essential
CNOT1,common essential
CNOT2,common essential
CNOT3,common essential
COA5,common essential
COASY,common essential
COG2,common essential
COG3,common essential
COG4,common essential
COG8,common essential
COPA,common essential
COPB1,common essential
COPB2,common essential
COPE,common essential
COPG1,common essential
COPS2,common essential
COPS3,common essential
COPS4,common essential
COPS6,common essential
COPZ1,common essential
COQ4,common essential
COQ5,common essential
COX10,common essential
COX15,common essential
COX5B,common essential
COX6B1,common essential
CPSF2,common essential
CPSF3,common essential
CPSF6,common essential
CRCP,common essential
CRLS1,common essential
CRNKL1,common essential
CSE1L,common essential
CSNK1A1,common essential
CSNK2B,common essential
CSTF1,common essential
CSTF3,common essential
CTC1,common essential
CTCF,common essential
CTDP1,common essential
CTNNBL1,common essential
CTPS1,common essential
CTR9,common essential
CTU1,common essential
CTU2,common essential
CUL1,common essential
CUL2,common essential
CWC22,common essential
CWF19L2,common essential
DAD1,common essential
DAP3,common essential
DARS,common essential
DARS2,common essential
DBR1,common essential
DCPS,common essential
DCTN2,common essential
DCTN3,common essential
DCTN4,common essential
DCTN5,common essential
DDB1,common essential
DDOST,common essential
DDX18,common essential
DDX20,common essential
DDX21,common essential
DDX23,common essential
DDX24,common essential
DDX27,common essential
DDX39B,common essential
DDX3X,common essential
DDX46,common essential
DDX47,common essential
DDX49,common essential
DDX51,common essential
DDX54,common essential
DDX55,common essential
DDX56,common essential
DDX59,common essential
DDX6,common essential
DENR,common essential
DGCR8,common essential
DHDDS,common essential
DHFR,common essential
DHX15,common essential
DHX33,common essential
DHX35,common essential
DHX36,common essential
DHX38,common essential
DHX8,common essential
DHX9,common essential
DIDO1,common essential
DIMT1,common essential
DIS3,common essential
DKC1,common essential
DLD,common essential
DLST,common essential
DMAP1,common essential
DNAJA3,common essential
DNAJC11,common essential
DNAJC2,common essential
DNAJC9,common essential
DNM1L,common essential
DNM2,common essential
DNMT1,common essential
DNTTIP2,common essential
DONSON,common essential
DPH5,common essential
DR1,common essential
DSN1,common essential
DTL,common essential
DTYMK,common essential
DYNC1H1,common essential
DYNLRB1,common essential
E4F1,common essential
EBNA1BP2,common essential
ECD,common essential
ECT2,common essential
EEF1A1,common essential
EEF2,common essential
EEFSEC,common essential
EFTUD2,common essential
EHMT1,common essential
EIF1,common essential
EIF1AD,common essential
EIF2B1,common essential
EIF2B2,common essential
EIF2B3,common essential
EIF2B4,common essential
EIF2B5,common essential
EIF2S1,common essential
EIF2S3,common essential
EIF3A,common essential
EIF3B,common essential
EIF3D,common essential
EIF3I,common essential
EIF3J,common essential
EIF3M,common essential
EIF4A1,common essential
EIF4A3,common essential
EIF4E,common essential
EIF4G1,common essential
EIF5,common essential
EIF5B,common essential
EIF6,common essential
ELAC2,common essential
ELL,common essential
ELP2,common essential
ELP4,common essential
ELP5,common essential
ELP6,common essential
EMC3,common essential
ENO1,common essential
EPRS,common essential
ERCC2,common essential
ERCC3,common essential
ERCC4,common essential
ESF1,common essential
ETF1,common essential
EWSR1,common essential
EXOC1,common essential
EXOC2,common essential
EXOC4,common essential
EXOC5,common essential
EXOSC1,common essential
EXOSC10,common essential
EXOSC2,common essential
EXOSC3,common essential
EXOSC5,common essential
EXOSC7,common essential
EXOSC8,common essential
EXOSC9,common essential
FAM210A,common essential
FAM50A,common essential
FAM98B,common essential
FARSA,common essential
FARSB,common essential
FBL,common essential
FCF1,common essential
FDXR,common essential
FEN1,common essential
FH,common essential
FIP1L1,common essential
FNBP4,common essential
FNTB,common essential
FTSJ3,common essential
FXN,common essential
GADD45GIP1,common essential
GAPDH,common essential
GAR1,common essential
GARS,common essential
GART,common essential
GATC,common essential
GBF1,common essential
GEMIN2,common essential
GEMIN5,common essential
GEMIN8,common essential
GET4,common essential
GFER,common essential
GFM1,common essential
GGPS1,common essential
GINS1,common essential
GINS2,common essential
GINS3,common essential
GLE1,common essential
GMNN,common essential
GMPS,common essential
GNB1L,common essential
GNL2,common essential
GNL3,common essential
GNL3L,common essential
GON4L,common essential
GOSR2,common essential
GPATCH1,common essential
GPKOW,common essential
GPN1,common essential
GPN2,common essential
GPN3,common essential
GRB2,common essential
GRPEL1,common essential
GRWD1,common essential
GSPT1,common essential
GTF2A1,common essential
GTF2A2,common essential
GTF2B,common essential
GTF2E1,common essential
GTF2H3,common essential
GTF3C1,common essential
GTF3C3,common essential
GTF3C4,common essential
GTF3C5,common essential
GTPBP4,common essential
GUK1,common essential
HARS,common essential
HARS2,common essential
HAUS1,common essential
HAUS3,common essential
HAUS4,common essential
HAUS5,common essential
HAUS7,common essential
HAUS8,common essential
HBS1L,common essential
HCFC1,common essential
HEATR1,common essential
HINFP,common essential
HJURP,common essential
HMGCR,common essential
HMGCS1,common essential
HNRNPA2B1,common essential
HNRNPH1,common essential
HNRNPK,common essential
HNRNPL,common essential
HNRNPM,common essential
HNRNPU,common essential
HSCB,common essential
HSD17B10,common essential
HSPA14,common essential
HSPA5,common essential
HSPA8,common essential
HSPA9,common essential
HTATSF1,common essential
HUS1,common essential
IARS,common essential
IGBP1,common essential
ILF2,common essential
ILF3,common essential
IMMT,common essential
IMP4,common essential
INCENP,common essential
INO80,common essential
INTS2,common essential
INTS3,common essential
INTS4,common essential
INTS5,common essential
INTS7,common essential
IPO11,common essential
IPO7,common essential
IPO9,common essential
ISCU,common essential
ISG20L2,common essential
ISY1,common essential
IWS1,common essential
KANSL1,common essential
KANSL2,common essential
KANSL3,common essential
KARS,common essential
KAT8,common essential
KCMF1,common essential
KDM8,common essential
KIAA0391,common essential
KIF11,common essential
KIF18A,common essential
KIN,common essential
KPNB1,common essential
KRI1,common essential
KRR1,common essential
LAGE3,common essential
LAMTOR2,common essential
LARS,common essential
LARS2,common essential
LAS1L,common essential
LENG1,common essential
LENG8,common essential
LEO1,common essential
LIAS,common essential
LIN52,common essential
LIN54,common essential
LONP1,common essential
LRPPRC,common essential
LRR1,common essential
LSG1,common essential
LSM11,common essential
LSM4,common essential
LSM5,common essential
LTV1,common essential
LUC7L3,common essential
LYRM4,common essential
MAGOH,common essential
MALSU1,common essential
MARS,common essential
MASTL,common essential
MAT2A,common essential
MAU2,common essential
MAX,common essential
MCM10,common essential
MCM2,common essential
MCM3,common essential
MCM5,common essential
MCM6,common essential
MCM7,common essential
MCMBP,common essential
MCRS1,common essential
MDC1,common essential
MDN1,common essential
MED1,common essential
MED12,common essential
MED14,common essential
MED17,common essential
MED18,common essential
MED19,common essential
MED20,common essential
MED26,common essential
MED27,common essential
MED28,common essential
MED31,common essential
MED4,common essential
MED6,common essential
MED7,common essential
MED8,common essential
MED9,common essential
METAP1,common essential
METAP2,common essential
METTL1,common essential
METTL14,common essential
METTL16,common essential
METTL3,common essential
MFAP1,common essential
MFN2,common essential
MIPEP,common essential
MIS18A,common essential
MIS18BP1,common essential
MMS19,common essential
MMS22L,common essential
MNAT1,common essential
MOB4,common essential
MPHOSPH10,common essential
MRPL11,common essential
MRPL12,common essential
MRPL16,common essential
MRPL17,common essential
MRPL18,common essential
MRPL19,common essential
MRPL20,common essential
MRPL21,common essential
MRPL22,common essential
MRPL24,common essential
MRPL27,common essential
MRPL32,common essential
MRPL34,common essential
MRPL35,common essential
MRPL37,common essential
MRPL38,common essential
MRPL39,common essential
MRPL4,common essential
MRPL40,common essential
MRPL42,common essential
MRPL44,common essential
MRPL47,common essential
MRPL48,common essential
MRPL49,common essential
MRPL51,common essential
MRPL52,common essential
MRPL9,common essential
MRPS10,common essential
MRPS12,common essential
MRPS14,common essential
MRPS15,common essential
MRPS18A,common essential
MRPS18B,common essential
MRPS18C,common essential
MRPS23,common essential
MRPS24,common essential
MRPS25,common essential
MRPS27,common essential
MRPS30,common essential
MRPS31,common essential
MRPS33,common essential
MRPS35,common essential
MRPS5,common essential
MRPS6,common essential
MRPS7,common essential
MRPS9,common essential
MRTO4,common essential
MTG1,common essential
MTHFD1,common essential
MTOR,common essential
MTPAP,common essential
MVD,common essential
MYBBP1A,common essential
MYBL2,common essential
N6AMT1,common essential
NAA10,common essential
NAA15,common essential
NAA20,common essential
NAA25,common essential
NAA30,common essential
NAA50,common essential
NAE1,common essential
NAF1,common essential
NAPA,common essential
NAPG,common essential
NARS,common essential
NARS2,common essential
NAT10,common essential
NBAS,common essential
NCAPD2,common essential
NCAPG,common essential
NCAPH,common essential
NCBP1,common essential
NCBP2,common essential
NCL,common essential
NDC80,common essential
NDUFAB1,common essential
NDUFB4,common essential
NEDD1,common essential
NELFA,common essential
NELFB,common essential
NELFE,common essential
NFS1,common essential
NGDN,common essential
NHLRC2,common essential
NHP2,common essential
NIP7,common essential
NIPBL,common essential
NKAP,common essential
NLE1,common essential
NOB1,common essential
NOC3L,common essential
NOC4L,common essential
NOL10,common essential
NOL11,common essential
NOL6,common essential
NOL7,common essential
NOL8,common essential
NOL9,common essential
NOLC1,common essential
NOM1,common essential
NONO,common essential
NOP10,common essential
NOP14,common essential
NOP16,common essential
NOP2,common essential
NOP56,common essential
NOP58,common essential
NOP9,common essential
NPAT,common essential
NPLOC4,common essential
NRDE2,common essential
NRF1,common essential
NSA2,common essential
NSF,common essential
NSL1,common essential
NSMCE1,common essential
NSMCE4A,common essential
NSRP1,common essential
NSUN4,common essential
NUBP1,common essential
NUDC,common essential
NUDCD3,common essential
NUDT21,common essential
NUF2,common essential
NUFIP1,common essential
NUP107,common essential
NUP133,common essential
NUP153,common essential
NUP155,common essential
NUP160,common essential
NUP205,common essential
NUP214,common essential
NUP43,common essential
NUP54,common essential
NUP85,common essential
NUP88,common essential
NUP93,common essential
NUP98,common essential
NVL,common essential
OGDH,common essential
OGT,common essential
OIP5,common essential
OPA1,common essential
ORC1,common essential
ORC2,common essential
ORC3,common essential
ORC4,common essential
ORC5,common essential
ORC6,common essential
OSBP,common essential
OSGEP,common essential
OXA1L,common essential
PABPN1,common essential
PAF1,common essential
PAFAH1B1,common essential
PAK1IP1,common essential
PALB2,common essential
PARN,common essential
PARS2,common essential
PAXBP1,common essential
PCF11,common essential
PCID2,common essential
PCNA,common essential
PCNT,common essential
PCYT1A,common essential
PDAP1,common essential
PDCD11,common essential
PDCD2,common essential
PDCL,common essential
PDPK1,common essential
PDRG1,common essential
PDS5A,common essential
PES1,common essential
PET117,common essential
PFAS,common essential
PFDN1,common essential
PFDN2,common essential
PFDN6,common essential
PGD,common essential
PGGT1B,common essential
PGK1,common essential
PGM3,common essential
PGS1,common essential
PHB,common essential
PIK3C3,common essential
PIK3R4,common essential
PLK1,common essential
PLK4,common essential
PLRG1,common essential
PMF1,common essential
PMPCA,common essential
PMPCB,common essential
PMVK,common essential
PNISR,common essential
PNN,common essential
PNO1,common essential
PNPT1,common essential
POLA1,common essential
POLA2,common essential
POLD1,common essential
POLD2,common essential
POLD3,common essential
POLE,common essential
POLE2,common essential
POLR1A,common essential
POLR1B,common essential
POLR1C,common essential
POLR1E,common essential
POLR2B,common essential
POLR2C,common essential
POLR2D,common essential
POLR2E,common essential
POLR2F,common essential
POLR2I,common essential
POLR2L,common essential
POLR3A,common essential
POLR3B,common essential
POLR3C,common essential
POLR3E,common essential
POLR3F,common essential
POLR3H,common essential
POLR3K,common essential
POP4,common essential
POP7,common essential
PPA1,common essential
PPAN,common essential
PPIE,common essential
PPIL2,common essential
PPIL4,common essential
PPP1R10,common essential
PPP1R15B,common essential
PPP1R2,common essential
PPP1R7,common essential
PPP1R8,common essential
PPP2CA,common essential
PPP2R1A,common essential
PPP4C,common essential
PPP6C,common essential
PPRC1,common essential
PPWD1,common essential
PRC1,common essential
PRCC,common essential
PREB,common essential
PRELID1,common essential
PRIM1,common essential
PRMT1,common essential
PRMT5,common essential
PRPF18,common essential
PRPF19,common essential
PRPF3,common essential
PRPF31,common essential
PRPF38B,common essential
PRPF39,common essential
PRPF4,common essential
PRPF40A,common essential
PRPF4B,common essential
PRPF6,common essential
PRPF8,common essential
PSMA1,common essential
PSMA2,common essential
PSMA3,common essential
PSMA5,common essential
PSMA7,common essential
PSMB1,common essential
PSMB2,common essential
PSMB4,common essential
PSMB5,common essential
PSMB6,common essential
PSMB7,common essential
PSMC1,common essential
PSMC3,common essential
PSMC4,common essential
PSMC5,common essential
PSMC6,common essential
PSMD1,common essential
PSMD11,common essential
PSMD12,common essential
PSMD13,common essential
PSMD14,common essential
PSMD2,common essential
PSMD3,common essential
PSMD4,common essential
PSMD6,common essential
PSMD7,common essential
PSMD8,common essential
PSMG1,common essential
PSMG2,common essential
PSMG4,common essential
PSTK,common essential
PTCD3,common essential
PTPMT1,common essential
PWP1,common essential
PWP2,common essential
QARS,common essential
QRSL1,common essential
RABGGTB,common essential
RAC1,common essential
RACGAP1,common essential
RAD1,common essential
RAD50,common essential
RAD51,common essential
RAD51C,common essential
RAE1,common essential
RAN,common essential
RANBP2,common essential
RANGAP1,common essential
RARS,common essential
RARS2,common essential
RBBP4,common essential
RBBP5,common essential
RBBP6,common essential
RBBP8,common essential
RBM12,common essential
RBM14,common essential
RBM17,common essential
RBM19,common essential
RBM25,common essential
RBM28,common essential
RBM33,common essential
RBM39,common essential
RBM42,common essential
RBM48,common essential
RBMX,common essential
RBMX2,common essential
RBX1,common essential
RCC1,common essential
RCL1,common essential
REV3L,common essential
RFC1,common essential
RFC2,common essential
RFC3,common essential
RFC4,common essential
RFC5,common essential
RFT1,common essential
RFWD3,common essential
RHOA,common essential
RINT1,common essential
RIOK1,common essential
RIOK2,common essential
RNASEH2A,common essential
RNASEH2B,common essential
RNF168,common essential
RNF20,common essential
RNF40,common essential
RNF8,common essential
RNGTT,common essential
RNMT,common essential
RNPC3,common essential
RNPS1,common essential
RPA1,common essential
RPA2,common essential
RPAIN,common essential
RPAP1,common essential
RPF1,common essential
RPF2,common essential
RPIA,common essential
RPL10A,common essential
RPL11,common essential
RPL12,common essential
RPL13,common essential
RPL15,common essential
RPL18,common essential
RPL18A,common essential
RPL19,common essential
RPL22L1,common essential
RPL23A,common essential
RPL27,common essential
RPL27A,common essential
RPL29,common essential
RPL3,common essential
RPL31,common essential
RPL38,common essential
RPL4,common essential
RPL7L1,common essential
RPL9,common essential
RPLP0,common essential
RPLP2,common essential
RPN1,common essential
RPN2,common essential
RPP14,common essential
RPP30,common essential
RPP38,common essential
RPP40,common essential
RPRD1B,common essential
RPS10,common essential
RPS11,common essential
RPS12,common essential
RPS13,common essential
RPS15,common essential
RPS15A,common essential
RPS18,common essential
RPS19BP1,common essential
RPS2,common essential
RPS21,common essential
RPS25,common essential
RPS29,common essential
RPS4X,common essential
RPS6,common essential
RPS8,common essential
RPS9,common essential
RPTOR,common essential
RPUSD4,common essential
RRM1,common essential
RRM2,common essential
RRP1,common essential
RRP12,common essential
RRP15,common essential
RRP36,common essential
RRP7A,common essential
RRP9,common essential
RSL1D1,common essential
RSRC2,common essential
RTEL1,common essential
RTF1,common essential
RTTN,common essential
RUVBL1,common essential
RUVBL2,common essential
SACM1L,common essential
SAE1,common essential
SAMD4B,common essential
SAMM50,common essential
SAP130,common essential
SAP18,common essential
SARS,common essential
SARS2,common essential
SART1,common essential
SART3,common essential
SCD,common essential
SCFD1,common essential
SCO1,common essential
SDAD1,common essential
SDE2,common essential
SDHA,common essential
SDHB,common essential
SEC13,common essential
SEC16A,common essential
SEC61A1,common essential
SEC61B,common essential
SEC62,common essential
SEC63,common essential
SEH1L,common essential
SENP6,common essential
SEPSECS,common essential
SF1,common essential
SF3A1,common essential
SF3A2,common essential
SF3B1,common essential
SF3B2,common essential
SF3B3,common essential
SFPQ,common essential
SFSWAP,common essential
SHOC2,common essential
SHQ1,common essential
SKA1,common essential
SKA2,common essential
SKA3,common essential
SLC25A26,common essential
SLC25A3,common essential
SLC35B1,common essential
SLC7A6OS,common essential
SLU7,common essential
SMARCA5,common essential
SMARCB1,common essential
SMC1A,common essential
SMC2,common essential
SMC3,common essential
SMC4,common essential
SMC5,common essential
SMC6,common essential
SMG1,common essential
SMG5,common essential
SMG6,common essential
SMNDC1,common essential
SNAPC1,common essential
SNAPC3,common essential
SNF8,common essential
SNIP1,common essential
SNRNP200,common essential
SNRNP27,common essential
SNRNP35,common essential
SNRNP40,common essential
SNRNP48,common essential
SNRNP70,common essential
SNRPB,common essential
SNRPC,common essential
SNRPD2,common essential
SNRPD3,common essential
SNRPE,common essential
SNRPF,common essential
SNW1,common essential
SOD1,common essential
SOD2,common essential
SON,common essential
SPATA5,common essential
SPATA5L1,common essential
SPC24,common essential
SPC25,common essential
SPCS3,common essential
SPDL1,common essential
SPRTN,common essential
SRBD1,common essential
SRCAP,common essential
SRF,common essential
SRFBP1,common essential
SRP19,common essential
SRP68,common essential
SRP72,common essential
SRP9,common essential
SRPRB,common essential
SRRM1,common essential
SRRT,common essential
SRSF1,common essential
SRSF11,common essential
SRSF2,common essential
SRSF7,common essential
SSRP1,common essential
SSU72,common essential
STIL,common essential
STRIP1,common essential
STX18,common essential
STX5,common essential
SUDS3,common essential
SUGP1,common essential
SUGT1,common essential
SUPT16H,common essential
SUPT4H1,common essential
SUPT5H,common essential
SUPT6H,common essential
SUPV3L1,common essential
SURF6,common essential
SYMPK,common essential
SYS1,common essential
TACC3,common essential
TAF1,common essential
TAF12,common essential
TAF13,common essential
TAF1B,common essential
TAF1C,common essential
TAF5,common essential
TAF6,common essential
TAF6L,common essential
TANGO6,common essential
TARS,common essential
TARS2,common essential
TBCA,common essential
TBCB,common essential
TBCD,common essential
TCERG1,common essential
TCP1,common essential
TECR,common essential
TEFM,common essential
TEX10,common essential
TFAM,common essential
TFB1M,common essential
THOC1,common essential
THOC5,common essential
THOC7,common essential
TICRR,common essential
TIMELESS,common essential
TIMM10,common essential
TIMM22,common essential
TIMM44,common essential
TIMM50,common essential
TINF2,common essential
TIPRL,common essential
TKT,common essential
TMA16,common essential
TMED10,common essential
TMED2,common essential
TMEM199,common essential
TMEM258,common essential
TMEM41B,common essential
TNPO3,common essential
TOMM22,common essential
TOMM40,common essential
TOP1,common essential
TOP2A,common essential
TOP3A,common essential
TOPBP1,common essential
TP53RK,common essential
TPR,common essential
TPT1,common essential
TPX2,common essential
TRAIP,common essential
TRAPPC1,common essential
TRAPPC11,common essential
TRAPPC3,common essential
TRAPPC4,common essential
TRAPPC8,common essential
TRIAP1,common essential
TRMT5,common essential
TRMT6,common essential
TRMT61A,common essential
TRNAU1AP,common essential
TRRAP,common essential
TRUB2,common essential
TSEN2,common essential
TSEN54,common essential
TSG101,common essential
TSR1,common essential
TSR2,common essential
TTC1,common essential
TTC27,common essential
TTF1,common essential
TTF2,common essential
TTI1,common essential
TTK,common essential
TUBA1B,common essential
TUBB,common essential
TUBD1,common essential
TUBE1,common essential
TUBG1,common essential
TUBGCP3,common essential
TUBGCP4,common essential
TUBGCP6,common essential
TUFM,common essential
TUT1,common essential
TWISTNB,common essential
TXN,common essential
TXNL4A,common essential
U2AF1,common essential
U2AF2,common essential
U2SURP,common essential
UBA1,common essential
UBA2,common essential
UBA3,common essential
UBE2I,common essential
UBE2M,common essential
UBE3D,common essential
UBL5,common essential
UBR4,common essential
UBTF,common essential
UCHL5,common essential
UMPS,common essential
UPF1,common essential
UPF2,common essential
UQCRC1,common essential
UQCRFS1,common essential
UQCRQ,common essential
URB1,common essential
URB2,common essential
URI1,common essential
URM1,common essential
UROD,common essential
USE1,common essential
USP36,common essential
USP37,common essential
USP39,common essential
USP5,common essential
USPL1,common essential
UTP14A,common essential
UTP15,common essential
UTP18,common essential
UTP20,common essential
UTP6,common essential
UVRAG,common essential
UXT,common essential
VARS,common essential
VCP,common essential
VMP1,common essential
VPS13D,common essential
VPS25,common essential
VPS29,common essential
VPS52,common essential
VPS53,common essential
VPS72,common essential
WARS,common essential
WARS2,common essential
WBP11,common essential
WDHD1,common essential
WDR12,common essential
WDR18,common essential
WDR25,common essential
WDR3,common essential
WDR33,common essential
WDR36,common essential
WDR4,common essential
WDR43,common essential
WDR46,common essential
WDR5,common essential
WDR55,common essential
WDR70,common essential
WDR74,common essential
WDR75,common essential
WDR77,common essential
WDR82,common essential
WDR92,common essential
WEE1,common essential
WNK1,common essential
WRB,common essential
XAB2,common essential
XPO1,common essential
XPO5,common essential
XRCC2,common essential
XRCC3,common essential
XRCC6,common essential
XRN1,common essential
XRN2,common essential
YARS,common essential
YARS2,common essential
YEATS2,common essential
YEATS4,common essential
YKT6,common essential
YRDC,common essential
YTHDC1,common essential
YY1,common essential
ZBTB11,common essential
ZBTB17,common essential
ZBTB8OS,common essential
ZC3H18,common essential
ZC3H8,common essential
ZCCHC9,common essential
ZCRB1,common essential
ZFC3H1,common essential
ZMAT2,common essential
ZMAT5,common essential
ZNF131,common essential
ZNF143,common essential
ZNF207,common essential
ZNF335,common essential
ZNF407,common essential
ZNF574,common essential
ZNF622,common essential
ZNHIT6,common essential
ZZZ3,common essential
RPS27,common essential
ABCG8,common nonessential
ACCSL,common nonessential
ACTL7A,common nonessential
ACTL7B,common nonessential
ACTL9,common nonessential
ADAD1,common nonessential
ADAM18,common nonessential
ADAM2,common nonessential
ADAM20,common nonessential
ADAM30,common nonessential
ADH7,common nonessential
AFM,common nonessential
AICDA,common nonessential
AIPL1,common nonessential
ALPI,common nonessential
ALX3,common nonessential
ANKRD30A,common nonessential
ANTXRL,common nonessential
APOA4,common nonessential
APOBEC1,common nonessential
APOF,common nonessential
AQP8,common nonessential
ARGFX,common nonessential
ART1,common nonessential
ASB17,common nonessential
ASIC5,common nonessential
ASZ1,common nonessential
ATOH1,common nonessential
ATP4B,common nonessential
ATP6V1G3,common nonessential
B3GNT6,common nonessential
BANF2,common nonessential
BARHL1,common nonessential
BIRC8,common nonessential
BMP10,common nonessential
BPIFA1,common nonessential
BPIFA3,common nonessential
BPIFB3,common nonessential
BPIFB6,common nonessential
BPIFC,common nonessential
BRDT,common nonessential
BSND,common nonessential
C10orf113,common nonessential
C10orf120,common nonessential
C10orf53,common nonessential
C11orf40,common nonessential
C12orf40,common nonessential
C16orf78,common nonessential
C17orf78,common nonessential
C1orf146,common nonessential
C20orf173,common nonessential
C3orf30,common nonessential
C6orf10,common nonessential
C8A,common nonessential
C8B,common nonessential
C8orf86,common nonessential
CABP2,common nonessential
CABP5,common nonessential
CABS1,common nonessential
CACNG2,common nonessential
CACNG3,common nonessential
CACNG5,common nonessential
CATSPER4,common nonessential
CCDC155,common nonessential
CCDC172,common nonessential
CCDC83,common nonessential
CCKAR,common nonessential
CCL1,common nonessential
CCT8L2,common nonessential
CD200R1L,common nonessential
CDCP2,common nonessential
CDX2,common nonessential
CEACAM7,common nonessential
CELA2A,common nonessential
CELA3A,common nonessential
CELA3B,common nonessential
CER1,common nonessential
CETN1,common nonessential
CFHR2,common nonessential
CFHR5,common nonessential
CHAT,common nonessential
CHRNA6,common nonessential
CHRNB3,common nonessential
CLCA1,common nonessential
CLDN17,common nonessential
CLEC2A,common nonessential
CLEC3A,common nonessential
CLEC6A,common nonessential
CLRN1,common nonessential
CNBD1,common nonessential
CNGB3,common nonessential
CNPY1,common nonessential
CNTNAP5,common nonessential
COL20A1,common nonessential
COX7B2,common nonessential
CRNN,common nonessential
CRX,common nonessential
CRYGB,common nonessential
CSH1,common nonessential
CSHL1,common nonessential
CSN2,common nonessential
CSN3,common nonessential
CST11,common nonessential
CST4,common nonessential
CST5,common nonessential
CST8,common nonessential
CST9,common nonessential
CST9L,common nonessential
CSTL1,common nonessential
CTCFL,common nonessential
CTRB1,common nonessential
CYLC2,common nonessential
CYP11B1,common nonessential
CYP11B2,common nonessential
CYP26C1,common nonessential
CYP2A13,common nonessential
CYP2C19,common nonessential
CYP4A22,common nonessential
CYP7A1,common nonessential
DAZL,common nonessential
DCAF4L2,common nonessential
DDI1,common nonessential
DDX4,common nonessential
DEFA5,common nonessential
DEFA6,common nonessential
DEFB103B,common nonessential
DEFB104A,common nonessential
DEFB106A,common nonessential
DEFB118,common nonessential
DEFB123,common nonessential
DEFB126,common nonessential
DEFB127,common nonessential
DEFB129,common nonessential
DIRC1,common nonessential
DMP1,common nonessential
DMRT1,common nonessential
DMRTB1,common nonessential
DMRTC2,common nonessential
DPRX,common nonessential
DRD3,common nonessential
DRGX,common nonessential
DSG4,common nonessential
DSPP,common nonessential
DTX2,common nonessential
DUXA,common nonessential
EFCAB3,common nonessential
EGR4,common nonessential
ENTHD1,common nonessential
EVX1,common nonessential
F13B,common nonessential
FABP2,common nonessential
FAM71A,common nonessential
FAM71B,common nonessential
FAM71C,common nonessential
FCRL4,common nonessential
FEZF1,common nonessential
FEZF2,common nonessential
FFAR1,common nonessential
FGF3,common nonessential
FGF4,common nonessential
FGF6,common nonessential
FIGLA,common nonessential
FLG2,common nonessential
FNDC7,common nonessential
FNDC9,common nonessential
FOXB1,common nonessential
FOXB2,common nonessential
FOXD4L4,common nonessential
FOXE3,common nonessential
FOXN1,common nonessential
FOXR1,common nonessential
FRG2,common nonessential
FSCB,common nonessential
FUT5,common nonessential
FUT9,common nonessential
G6PC,common nonessential
GABRA1,common nonessential
GABRA6,common nonessential
GALNTL5,common nonessential
GALR1,common nonessential
GALR3,common nonessential
GBP7,common nonessential
GCG,common nonessential
GCM2,common nonessential
GDF2,common nonessential
GFRA4,common nonessential
GFRAL,common nonessential
GH2,common nonessential
GHRH,common nonessential
GHSR,common nonessential
GIF,common nonessential
GJA10,common nonessential
GJA8,common nonessential
GK2,common nonessential
GKN2,common nonessential
GLRA1,common nonessential
GLT6D1,common nonessential
GML,common nonessential
GOT1L1,common nonessential
GPR139,common nonessential
GPR148,common nonessential
GPR151,common nonessential
GPR152,common nonessential
GPR26,common nonessential
GPR31,common nonessential
GPR32,common nonessential
GPR45,common nonessential
GPR52,common nonessential
GPR78,common nonessential
GPRC6A,common nonessential
GPX5,common nonessential
GPX6,common nonessential
GRM4,common nonessential
GRM5,common nonessential
GRM6,common nonessential
GSC2,common nonessential
GSTA5,common nonessential
GSX1,common nonessential
GSX2,common nonessential
GUCA2A,common nonessential
H1FOO,common nonessential
HAO1,common nonessential
HCRTR2,common nonessential
HDGFL1,common nonessential
HIST1H2AA,common nonessential
HIST1H2BA,common nonessential
HIST1H4G,common nonessential
HMX1,common nonessential
HOXB1,common nonessential
HOXD12,common nonessential
HRG,common nonessential
HRH3,common nonessential
HTN3,common nonessential
HTR1A,common nonessential
HTR3C,common nonessential
HTR3D,common nonessential
HTR3E,common nonessential
HTR5A,common nonessential
HTR6,common nonessential
IAPP,common nonessential
IFIT1B,common nonessential
IFNA10,common nonessential
IFNA14,common nonessential
IFNA16,common nonessential
IFNA17,common nonessential
IFNA2,common nonessential
IFNA21,common nonessential
IFNA4,common nonessential
IFNA5,common nonessential
IFNA6,common nonessential
IFNA7,common nonessential
IFNA8,common nonessential
IFNB1,common nonessential
IFNK,common nonessential
IFNW1,common nonessential
IL12B,common nonessential
IL13,common nonessential
IL17A,common nonessential
IL17F,common nonessential
IL1F10,common nonessential
IL21,common nonessential
IL22,common nonessential
IL25,common nonessential
IL26,common nonessential
IL3,common nonessential
IL31,common nonessential
IL36A,common nonessential
IL36B,common nonessential
IL36RN,common nonessential
IL9,common nonessential
INS,common nonessential
INSL5,common nonessential
INSL6,common nonessential
INSM2,common nonessential
INSRR,common nonessential
IQCF1,common nonessential
IRGC,common nonessential
ISX,common nonessential
IZUMO2,common nonessential
KCNA10,common nonessential
KCNB2,common nonessential
KCNG4,common nonessential
KCNK10,common nonessential
KCNK16,common nonessential
KCNK18,common nonessential
KCNV1,common nonessential
KHDC3L,common nonessential
KIF2B,common nonessential
KIR2DL1,common nonessential
KIR3DL3,common nonessential
KLK12,common nonessential
KLK9,common nonessential
KRT2,common nonessential
KRT25,common nonessential
KRT26,common nonessential
KRT28,common nonessential
KRT33A,common nonessential
KRT35,common nonessential
KRT36,common nonessential
KRT37,common nonessential
KRT38,common nonessential
KRT40,common nonessential
KRT71,common nonessential
KRT73,common nonessential
KRT74,common nonessential
KRT75,common nonessential
KRT76,common nonessential
KRT77,common nonessential
KRT78,common nonessential
KRT82,common nonessential
KRT84,common nonessential
KRT85,common nonessential
KRT86,common nonessential
KRT9,common nonessential
KRTAP1-1,common nonessential
KRTAP10-1,common nonessential
KRTAP10-10,common nonessential
KRTAP10-11,common nonessential
KRTAP10-12,common nonessential
KRTAP10-2,common nonessential
KRTAP10-4,common nonessential
KRTAP10-5,common nonessential
KRTAP10-6,common nonessential
KRTAP10-8,common nonessential
KRTAP10-9,common nonessential
KRTAP11-1,common nonessential
KRTAP13-1,common nonessential
KRTAP13-2,common nonessential
KRTAP13-3,common nonessential
KRTAP13-4,common nonessential
KRTAP15-1,common nonessential
KRTAP17-1,common nonessential
KRTAP19-3,common nonessential
KRTAP23-1,common nonessential
KRTAP26-1,common nonessential
KRTAP3-2,common nonessential
KRTAP4-11,common nonessential
KRTAP4-12,common nonessential
KRTAP4-2,common nonessential
KRTAP4-4,common nonessential
KRTAP4-7,common nonessential
KRTAP5-2,common nonessential
KRTAP9-2,common nonessential
KRTAP9-3,common nonessential
KRTAP9-4,common nonessential
LALBA,common nonessential
LBX1,common nonessential
LCN9,common nonessential
LCT,common nonessential
LGALS13,common nonessential
LGALS14,common nonessential
LHFPL5,common nonessential
LHX3,common nonessential
LHX5,common nonessential
LIM2,common nonessential
LIN28A,common nonessential
LIPM,common nonessential
LOR,common nonessential
LRIT1,common nonessential
LRIT2,common nonessential
LRRC10,common nonessential
LYZL1,common nonessential
LYZL6,common nonessential
MAS1,common nonessential
MAS1L,common nonessential
MBD3L1,common nonessential
MBD3L2,common nonessential
MBL2,common nonessential
MC2R,common nonessential
MC3R,common nonessential
MC5R,common nonessential
MEP1A,common nonessential
MEP1B,common nonessential
MEPE,common nonessential
MFRP,common nonessential
MMD2,common nonessential
MMP20,common nonessential
MMP21,common nonessential
MMP26,common nonessential
MMP27,common nonessential
MOGAT3,common nonessential
MORC1,common nonessential
MRGPRD,common nonessential
MRGPRX1,common nonessential
MRGPRX2,common nonessential
MRGPRX4,common nonessential
MS4A10,common nonessential
MS4A13,common nonessential
MS4A5,common nonessential
MSGN1,common nonessential
MT1B,common nonessential
MTNR1B,common nonessential
MUC17,common nonessential
MUC7,common nonessential
MYBPC3,common nonessential
MYF5,common nonessential
NANOGNB,common nonessential
NANOS2,common nonessential
NCR2,common nonessential
NDST4,common nonessential
NEUROD2,common nonessential
NEUROD4,common nonessential
NEUROD6,common nonessential
NEUROG1,common nonessential
NKX2-1,common nonessential
NKX2-2,common nonessential
NLRP4,common nonessential
NLRP5,common nonessential
NLRP8,common nonessential
NLRP9,common nonessential
NMS,common nonessential
NOTO,common nonessential
NOX3,common nonessential
NPFFR1,common nonessential
NPHS2,common nonessential
NPSR1,common nonessential
NPVF,common nonessential
NR2E1,common nonessential
OC90,common nonessential
OLIG2,common nonessential
OLIG3,common nonessential
OPALIN,common nonessential
OPN5,common nonessential
OR10A2,common nonessential
OR10A4,common nonessential
OR10A5,common nonessential
OR10H1,common nonessential
OR10H2,common nonessential
OR10H3,common nonessential
OR10J1,common nonessential
OR10R2,common nonessential
OR10S1,common nonessential
OR10Z1,common nonessential
OR11A1,common nonessential
OR12D3,common nonessential
OR13C3,common nonessential
OR13D1,common nonessential
OR14A16,common nonessential
OR1A1,common nonessential
OR1A2,common nonessential
OR1D2,common nonessential
OR1E1,common nonessential
OR1E2,common nonessential
OR1G1,common nonessential
OR1L6,common nonessential
OR1N2,common nonessential
OR1S2,common nonessential
OR2AK2,common nonessential
OR2AT4,common nonessential
OR2C1,common nonessential
OR2C3,common nonessential
OR2D2,common nonessential
OR2D3,common nonessential
OR2G2,common nonessential
OR2G3,common nonessential
OR2H1,common nonessential
OR2J2,common nonessential
OR2L3,common nonessential
OR2T1,common nonessential
OR2T10,common nonessential
OR2T12,common nonessential
OR2T2,common nonessential
OR2T27,common nonessential
OR2T33,common nonessential
OR2T4,common nonessential
OR2T5,common nonessential
OR2W1,common nonessential
OR3A1,common nonessential
OR3A2,common nonessential
OR3A3,common nonessential
OR4C11,common nonessential
OR4C3,common nonessential
OR4D1,common nonessential
OR4D10,common nonessential
OR4D11,common nonessential
OR4D9,common nonessential
OR4K17,common nonessential
OR51B6,common nonessential
OR51D1,common nonessential
OR51F2,common nonessential
OR51T1,common nonessential
OR51V1,common nonessential
OR52A1,common nonessential
OR52A5,common nonessential
OR52B2,common nonessential
OR52B6,common nonessential
OR52E8,common nonessential
OR52I2,common nonessential
OR52K2,common nonessential
OR52L1,common nonessential
OR52M1,common nonessential
OR52W1,common nonessential
OR56A1,common nonessential
OR56A4,common nonessential
OR56B1,common nonessential
OR5AU1,common nonessential
OR5C1,common nonessential
OR5I1,common nonessential
OR5M1,common nonessential
OR5M10,common nonessential
OR5P2,common nonessential
OR5P3,common nonessential
OR5T1,common nonessential
OR5T2,common nonessential
OR5T3,common nonessential
OR5V1,common nonessential
OR5W2,common nonessential
OR6A2,common nonessential
OR6K6,common nonessential
OR6S1,common nonessential
OR6V1,common nonessential
OR7A17,common nonessential
OR7C2,common nonessential
OR7D4,common nonessential
OR7G2,common nonessential
OR8A1,common nonessential
OR8B8,common nonessential
OR8G5,common nonessential
OR8U1,common nonessential
OR9Q2,common nonessential
OTOP1,common nonessential
OTOP3,common nonessential
OTOR,common nonessential
OTP,common nonessential
OTX2,common nonessential
PANX3,common nonessential
PAX1,common nonessential
PAX4,common nonessential
PBOV1,common nonessential
PDCL2,common nonessential
PDE6H,common nonessential
PDILT,common nonessential
PDX1,common nonessential
PDYN,common nonessential
PGK2,common nonessential
PGLYRP2,common nonessential
PGLYRP3,common nonessential
PIWIL1,common nonessential
PIWIL3,common nonessential
PLA2G2E,common nonessential
PLA2G2F,common nonessential
PLA2G4E,common nonessential
PNLIP,common nonessential
PNLIPRP1,common nonessential
PNPLA5,common nonessential
POM121L12,common nonessential
POTED,common nonessential
POTEG,common nonessential
POTEH,common nonessential
POU4F2,common nonessential
POU4F3,common nonessential
POU5F2,common nonessential
PPP3R2,common nonessential
PRAMEF1,common nonessential
PRAMEF2,common nonessential
PRAMEF4,common nonessential
PRAMEF7,common nonessential
PRB1,common nonessential
PRB4,common nonessential
PRDM13,common nonessential
PRDM14,common nonessential
PRDM7,common nonessential
PRDM9,common nonessential
PRG3,common nonessential
PRLH,common nonessential
PRLHR,common nonessential
PROP1,common nonessential
PRSS33,common nonessential
PRSS37,common nonessential
PRSS38,common nonessential
PRSS55,common nonessential
PRSS58,common nonessential
PSKH2,common nonessential
PTF1A,common nonessential
RAX,common nonessential
RAX2,common nonessential
RBM46,common nonessential
RBMXL2,common nonessential
RBP3,common nonessential
RBPJL,common nonessential
RD3,common nonessential
RDH8,common nonessential
REG3A,common nonessential
RESP18,common nonessential
RETNLB,common nonessential
RFPL3,common nonessential
RFPL4B,common nonessential
RFX6,common nonessential
RHO,common nonessential
RNASE10,common nonessential
RNASE11,common nonessential
RNASE12,common nonessential
RNASE13,common nonessential
RNASE8,common nonessential
RNASE9,common nonessential
RND2,common nonessential
RNF113B,common nonessential
RNF17,common nonessential
RP1,common nonessential
RP1L1,common nonessential
RPE65,common nonessential
RPTN,common nonessential
RTP1,common nonessential
RTP2,common nonessential
RXFP2,common nonessential
RXFP3,common nonessential
S100A7A,common nonessential
SAMD7,common nonessential
SCGB1D1,common nonessential
SCN10A,common nonessential
SCRT2,common nonessential
SDR9C7,common nonessential
SEC14L3,common nonessential
SEMG2,common nonessential
SEPT14,common nonessential
SERPINA12,common nonessential
SERPINA9,common nonessential
SERPINB12,common nonessential
SHCBP1L,common nonessential
SI,common nonessential
SIGLECL1,common nonessential
SIX6,common nonessential
SLC10A2,common nonessential
SLC13A1,common nonessential
SLC17A2,common nonessential
SLC17A6,common nonessential
SLC18A3,common nonessential
SLC22A12,common nonessential
SLC22A13,common nonessential
SLC22A25,common nonessential
SLC22A6,common nonessential
SLC22A8,common nonessential
SLC22A9,common nonessential
SLC25A2,common nonessential
SLC25A31,common nonessential
SLC2A2,common nonessential
SLC2A7,common nonessential
SLC32A1,common nonessential
SLC34A1,common nonessential
SLC36A3,common nonessential
SLC39A12,common nonessential
SLC6A18,common nonessential
SLC6A5,common nonessential
SLC6A7,common nonessential
SLC7A13,common nonessential
SLCO1B1,common nonessential
SLCO6A1,common nonessential
SLITRK1,common nonessential
SOHLH1,common nonessential
SOX1,common nonessential
SOX14,common nonessential
SP8,common nonessential
SPACA1,common nonessential
SPACA7,common nonessential
SPATA16,common nonessential
SPATA21,common nonessential
SPEM1,common nonessential
SPHAR,common nonessential
SPINK14,common nonessential
SPO11,common nonessential
SPPL2C,common nonessential
SPRR4,common nonessential
SSTR4,common nonessential
STATH,common nonessential
SULT6B1,common nonessential
SUN5,common nonessential
TAAR1,common nonessential
TAAR2,common nonessential
TAAR5,common nonessential
TAAR6,common nonessential
TAAR8,common nonessential
TAS1R2,common nonessential
TAS2R1,common nonessential
TAS2R13,common nonessential
TAS2R16,common nonessential
TAS2R39,common nonessential
TAS2R40,common nonessential
TAS2R41,common nonessential
TAS2R42,common nonessential
TAS2R43,common nonessential
TAS2R46,common nonessential
TAS2R50,common nonessential
TAS2R60,common nonessential
TAS2R7,common nonessential
TAS2R8,common nonessential
TAS2R9,common nonessential
TBC1D21,common nonessential
TBPL2,common nonessential
TBR1,common nonessential
TBX10,common nonessential
TCHHL1,common nonessential
TCP10L2,common nonessential
TEDDM1,common nonessential
TEX101,common nonessential
TFAP2D,common nonessential
TGM6,common nonessential
TKTL2,common nonessential
TLX1,common nonessential
TMEM132D,common nonessential
TMEM174,common nonessential
TMEM207,common nonessential
TMEM225,common nonessential
TMIGD1,common nonessential
TMPRSS11A,common nonessential
TMPRSS11B,common nonessential
TMPRSS11F,common nonessential
TMPRSS12,common nonessential
TMPRSS15,common nonessential
TNR,common nonessential
TPD52L3,common nonessential
TPH2,common nonessential
TPRX1,common nonessential
TPTE,common nonessential
TREML4,common nonessential
TRHR,common nonessential
TRIM40,common nonessential
TRIM42,common nonessential
TRIM43,common nonessential
TRIM48,common nonessential
TRIM60,common nonessential
TRIM67,common nonessential
TRIML1,common nonessential
TRPC7,common nonessential
TRPM1,common nonessential
TRPV5,common nonessential
TSGA13,common nonessential
TSHB,common nonessential
TSPAN16,common nonessential
TSPO2,common nonessential
TSPYL6,common nonessential
TSSK1B,common nonessential
TSSK2,common nonessential
TXNDC8,common nonessential
TYR,common nonessential
UBQLN3,common nonessential
UMOD,common nonessential
UROC1,common nonessential
USP29,common nonessential
UTS2R,common nonessential
VAX1,common nonessential
VN1R2,common nonessential
VN1R4,common nonessential
VPREB1,common nonessential
VRTN,common nonessential
VSX2,common nonessential
WFDC10A,common nonessential
WFDC11,common nonessential
WFDC9,common nonessential
XKR7,common nonessential
ZG16,common nonessential
ZIM3,common nonessential
ZNF648,common nonessential
ZNF679,common nonessential
ZNF804B,common nonessential
ZNRF4,common nonessential
ZP2,common nonessential
ZP4,common nonessential
ZSWIM2,common nonessential
