sgrna,gene
AAAAGAATAAGAAGAAAACG,C8orf33 (65265)
AAAGAGATAGCAGTGAACCA,CDC25A (993)
AAATAGCTACGGTGAACCCG,DNM1L (10059)
AACATGGCTGAAGGAAGCCG,SNAPC3 (6619)
AACTCCTCGGTCTCTCTCCG,KLF4 (9314)
AAGATAGAGGAGGAACAAGG,TBC1D3 (729873)
AAGATGATAGAACAGCTGAA,MARCH5 (54708)
AAGCATGGCTTGTAGACCCG,RARG (5916)
AAGCGGTCGCCATGTCCGCG,KIAA0907 (22889)
AAGGCCCGCGACTTGAAGAA,CDK6 (1021)
AAGGCTACAACAATTAACAG,ESCO1 (114799)
AAGTTCCTCTGAAGTTCGCA,ING5 (84289)
AAGTTAGTATACTCACCCAA,NPIPB5 (100132247)
AATAAAGCTGTTGTGTTGCG,TBL1XR1 (79718)
AATCAAAGTGATCCCATACA,SCD (6319)
AATCAACCCACAGCTGCACA,TP53 (7157)
AATCAGGAAGAACGAGACAA,GSPT1 (2935)
AATCAGGCTGAGGAGAGCAC,GAB2 (9846)
AATCTCTCTTTCATGCACAA,PIGS (94005)
AATCTCCCTCAGAAAAAACG,E2F3 (1871)
AATCTGCTTGAAGAGCCGGG,TRIB1 (10221)
AATGAATGGATCTTTCACCG,USP45 (85015)
AATGACTGAGTACAAACTGG,NRAS (4893)
AATGACAGCCCATATCAAGG,UBE2D3 (7323)
AATGCACGAGGAGTAAACAA,CDAN1 (146059)
AATGCAGTCTTCCAGGACAA,ZNF148 (7707)
AATGCAGCTGGACCACCAGG,RAD9A (5883)
AATGCCTTGAGACAGCTACA,SNRPB2 (6629)
AATGTCGTCTTCCAAGTAGA,SCD (6319)
AATTACTACTTGCTTCCTGT,KRAS (3845)
AATTGAGTCAGATAATGTAG,ESCO1 (114799)
ACAAGAATGCTGACAACGAT,UFC1 (51506)
ACAATTCCACAGGCCAGCCA,IRF9 (10379)
ACACAACTCAGACTTCCCAG,ICE1 (23379)
ACACATCACAGCCCAGACAG,AHCYL1 (10768)
ACACCACCATGGATAAGCGG,NXT1 (29107)
ACACTTCTGTATCTGCACCA,ARHGAP1 (392)
ACACTTGCAGAAAAGAGCCG,ZRANB2 (9406)
ACAGATGAAATACAGAAGGG,USP45 (85015)
ACAGCTTTAGAATTAGTGGC,SMC2 (10592)
ACAGGAGCCCGTTAGCTGGA,PRR12 (57479)
ACAGGATCTGGGGACAACCG,WRAP53 (55135)
ACAGGGAGAAAAGATCCATG,TUBG1 (7283)
ACAGGCTGCTGAAATCCCTG,NCOA6 (23054)
ACAGTGACATGAAGTCCGAG,GATAD2A (54815)
ACAGTTCTGTGTCCTCTGAG,IRF9 (10379)
ACATTTGAAGTAGGACACCG,CCND1 (595)
ACCAACATCAGGAAGCCCTA,GOLGA6L1 (283767)
ACCAGTGGAGAATCGCGTGG,MARS2 (92935)
ACCCATCCATGTTCACACAG,AHCYL1 (10768)
ACCGGCGCCAAACAGAACAC,GTF2F2 (2963)
ACCGTGTGTTTCCAAAATGG,RBX1 (9978)
ACCTCTGCAATTAAATTTGG,PTEN (5728)
ACCTCTGGAAAACGTTCCAC,PDCD6 (10016)
ACCTGGTCCGAGTTCCCCAA,ACSL3 (2181)
ACGAAGGTCAAGCAGTGAAC,WBP1 (23559)
ACGAGGACGAGGACAACCAG,C17orf50 (146853)
ACGTCGTCGATGGAGCGCAG,MEN1 (4221)
ACTATGCTGGATGAACAAAA,SNAP23 (8773)
ACTCACTGCCAAAAAAGAAA,ZNF148 (7707)
ACTCCTTTAAGTAAAGATCA,TATDN1 (83940)
ACTCTGTCTTCATCTAAAAT,AK6 (102157402)
ACTGACCCCCTGGAGAAGCG,DPF2 (5977)
ACTGACCTCAGTACAGGCAG,CCNE1 (898)
ACTGCAGCTGCTCACCACGG,DERL2 (51009)
ACTGGCACAGGAAGTCCTTA,PLAGL2 (5326)
ACTGTGAGCACAACCCGAAG,RNF41 (10193)
ACTTCCTTATAATTTCCAGG,EXOC3 (11336)
ACTTGTCAGCCACCATGTAG,PPP2R1A (5518)
AGAAAGAGCACCAATAAGCG,HIAT1 (64645)
AGAAACTCCAGAACAAGCAG,RASA1 (5921)
AGAACATCTTGACCACCACA,SCYL1 (57410)
AGAACCGCAGGTGAGACACG,GJD4 (219770)
AGAAGAGGAAGATGCAGCGG,PDCD2 (5134)
AGAAGGTCCCTGACATTAGG,CFLAR (8837)
AGAAGGTTCTCCAGGACAAG,GSK3A (2931)
AGAATAGTGGAACAATGACA,ICMT (23463)
AGAATCACAATCTTAAAAGG,RFC4 (5984)
AGAAGTCGCAGCGACCCGAG,PLCG1 (5335)
AGACACTTATACTATGAAAG,MDM2 (4193)
AGACGCGCCTCAGAGCCCGG,ICMT (23463)
AGACTCAGCAGGCATCCCCC,ZBTB18 (10472)
AGACTCTTCGAGACTCCTTT,HMMR (3161)
AGAGACATGCAGCCGTTTCG,RBFOX2 (23543)
AGAGCACTCGCACTTCCCCG,MYOD1 (4654)
AGAGGACCCAGCTTTCCGGC,PLCG1 (5335)
AGAGGCCCTAGATTTCTATG,PTEN (5728)
AGAGGAGTACAGTGCAATGA,KRAS (3845)
AGATCGTGGAGTTTGCCAAG,RARG (5916)
AGATCTGTCGGAACTGGGAG,FARSA (2193)
AGATGTCTAACGATAAGGAG,ARNT (405)
AGATGTTACAAGCAGACCAG,AHCYL1 (10768)
AGCAAATGCCCAGCACACCA,SMARCE1 (6605)
AGCAGAAGAGGAAGATGCAG,PDCD2 (5134)
AGCAGTGACCACTCTCACAG,WBP1 (23559)
AGCCCTTGTCCGCATCCACG,MYRF (745)
AGCGCGATGTAGGAATAGGG,FOXF1 (2294)
AGCGGCACGCGGAAGAAGAA,PTPLB (201562)
AGCGGTGGAAGGCGTCCGGG,PDCD2 (5134)
AGCGTCTATGTCCTGCACCG,GJD4 (219770)
AGGACTGCCTGATTGACAAG,RXRA (6256)
AGGAGGAGATGGAGGCCGGG,VHL (7428)
AGGAGAAGGCTGGTGACGGA,SPAG11B (10407)
AGGAGATTCCATATGAAGCA,ELF2 (1998)
AGGATGGTAAAATGACCCAG,HIAT1 (64645)
AGGATTTCCACTGGACAAAG,PPIP5K2 (23262)
AGGATGTGTCGCGCTCCCCG,KIAA0907 (22889)
AGGATTCTGAGCTAGACCAA,ZNF407 (55628)
AGGCAAGCAGGACTTCCGGG,IRF9 (10379)
AGGCCGGCGCGCGTGAGCAG,ICMT (23463)
AGGCCCTGAAGGTCCACGCG,USE1 (55850)
AGGCTGAAGCTCTAAAGCGA,DDX23 (9416)
AGGGTAAGCGATCTTCCCGT,PDS5A (23244)
AGGTCCTACCTTGCTAACCA,ENO1 (2023)
AGGTCACGTTCTGCACAAAG,FOXK1 (221937)
AGGTCATCGAGGCTGAACTT,FARSA (2193)
AGGTGGCCCTACGTGTAGCG,SNAPC3 (6619)
AGGTGTTCCAGGTCCAGACG,DPPA5 (340168)
AGGTTGGTGACCTTCCCAAA,PTBP1 (5725)
AGTATCGCAGGAGAGAAGCG,EXOC3 (11336)
AGTCAAATGACGTTTCACGA,RAN (5901)
AGTCCAGGTGCACCACCAGG,PEX26 (55670)
AGTCGGTGCAGCAAACTTCA,ENO1 (2023)
AGTGGATGTAGGCCAAGCTG,GSK3A (2931)
AGTGGTGAAGACATTGCCAT,CORO1C (23603)
AGTGGTTTGGAGCATCTGTG,ITGAV (3685)
AGTGTCTTCTCCCTTCCCGC,KLF4 (9314)
AGTTACTGTGTATCAGGCAG,MDM2 (4193)
AGTGTGTTAAGCAGTCGCCT,USP1 (7398)
AGTTCAAGCCCAACCAGACG,NUDT4 (11163)
AGTTGCCCAGAAATAAATAG,OR4N4 (283694)
AGTTGCCTTCCACTATGCAG,NUMB (8650)
ATAAACTTCTCTAAGATGGA,KNTC1 (9735)
ATAAGTGAAGCAGAGCCAGG,GSPT1 (2935)
ATAATCATAGAGGCAAGTGG,CORO1C (23603)
ATACCACTCGAATATTCCAA,PTPRG (5793)
ATACCAGTTGAAGCACCACT,ENO1 (2023)
ATACGAGGCCCATAGCCCAT,EP300 (2033)
ATACTATGTGACATTCAGAA,KNTC1 (9735)
ATACTCGTAAGGATGTACGG,PLAGL2 (5326)
ATAGAAAGAGAAGAATCTGA,ZRANB2 (9406)
ATAGCGATCAAAGTCCCGTG,PLCG1 (5335)
ATAGCTGCGGAAAGTCTTGG,YPEL4 (219539)
ATAGTATCTGTACCAGTTGG,NUP98 (4928)
ATAGTGCTCCAAGTACATGG,ING5 (84289)
ATAGTGTTAAGGCCACCAAG,DNM1L (10059)
ATAGTGACCTGGGAATACGG,RIC1 (57589)
ATATGGGGACAGCTTGGTGG,HIAT1 (64645)
ATATTCATTGATCACCTCAG,USE1 (55850)
ATCACAGTGAAATTGAACGG,ARNT (405)
ATCATGTACCAGCCCAGCCG,C6orf136 (221545)
ATCGAGTACCTGTACCGCCG,SDHAF1 (644096)
ATCTTGCTGAAAACAATAAA,TATDN1 (83940)
ATCTTGCTGCAACTTCCCCG,LZTR1 (8216)
ATGAAGACTGGCTTAAGGCG,MFAP1 (4236)
ATGACAGTTGAACAGTGCAG,OR4N4 (283694)
ATGCGCAGCACGTCGGACCG,SDHAF1 (644096)
ATGCTAGGAGATCACTAACA,TBL1XR1 (79718)
ATGGATGTGGATACCCCGAG,RBX1 (9978)
ATGTCGTCTTCCAAGTAGAG,SCD (6319)
ATGTTCTGCAGGTCCAGTTG,UBE2D3 (7323)
ATTATCTTCTGGATGCAGTG,USP45 (85015)
ATTCACTCCTCACACTCAAG,TUBG1 (7283)
ATTCAGGGTCCATTACCTGC,MPC2 (25874)
ATTCTGGGACAATAACCCCA,GMNN (51053)
CAAGGGGTAAAAGAAGTCCG,SEPHS2 (22928)
CAATGTCTACTACACCACCA,NXT1 (29107)
CACAGGGACTTCCTTCCCCG,DNM2 (1785)
CACATCGTCCTGCAGCAAGT,SCD (6319)
CACCACCTCTCCGAAGAACG,PSMG1 (8624)
CACCTCTGACTTAGACATGA,HNRNPA1 (3178)
CACCTGCGGAAACGGCCACG,ARHGDIA (396)
CAGAAACCTGTAGCACCGCG,TSPYL5 (85453)
CACTTCCTTCCAATACTGAG,GMNN (51053)
CAGCAGCGACCCGGGATAGA,UBE2Q2L (100505679)
CAGCCACTCCTACATGGACG,GATA3 (2625)
CAGCCTGCTGAAGATCCAGA,SMARCE1 (6605)
CAGCGGTTCAGAGGACTGCA,CORO1C (23603)
CAGGTGTGTGACAAGTTCCG,ARHGAP1 (392)
CAGTCCTTCCAAGGGAGCCA,YPEL4 (219539)
CAGTTCCTGTCCCATGACCA,NPIPB5 (100132247)
CATACTACCGAAGTAGTCGG,ITGA4 (3676)
CATACGGGCAGCACGACGCG,VHL (7428)
CATATGAAATACCAAACACG,IFNAR2 (3455)
CATCATGCCGAGGGAGCGCA,CCNE1 (898)
CATCCGGTAGTGGAGCCGGA,JAK1 (3716)
CATCCGAAAGAGGAAATGAA,USP1 (7398)
CATCTTCTGGTTCTTCCGAG,PSENEN (55851)
CATGAACCAGTTCCACACAG,DNM1L (10059)
CATGAAGGAGACAGACCGGG,EXOC3 (11336)
CATGCTGCTCCCATAGACGA,LZTR1 (8216)
CATGTTGCAGACTTTGTCCA,LDLR (3949)
CATTGCTGTATACAATCATG,IFNAR2 (3455)
CATTTGAAGATAGCTGGCCA,ZBTB10 (65986)
CATTTCCTTCGGAAGCCGCG,FOXF1 (2294)
CCAAAGGTAAACTATCCAGA,NPIPB5 (100132247)
CCAACACTTTGCAAGACAAA,GTF2F2 (2963)
CCAAGGCTCCCTATGCCCCA,MYRF (745)
CCAAGGTTGTGACAAATGCC,SAFB (6294)
CCACATTCATCACAGCGAAA,ZNF148 (7707)
CCACCGATCCATTTCTGCCA,PEX26 (55670)
CCACCTGTGCCACCCCCAAA,NUP98 (4928)
CCACGGAAAGATGATCTCCG,SAFB (6294)
CCACGGAGATCATCTTTCCG,SAFB (6294)
CCACTGGTACCGACGAGCAC,MARS2 (92935)
CCAGCAGTACGAATGCGTGG,CDK6 (1021)
CCAGCAGCTCGCTCACGCCG,BCL11B (64919)
CCAGCCGTAGACTGAATGGG,MFAP1 (4236)
CCAGCTGCAGACTTTCTCAG,ACTR1A (10121)
CCAGCTCTGGAGACACCACG,GNB1 (2782)
CCAGCTGGGCAAGTATACCA,RARG (5916)
CCAGGCCAGGAAACGGCAGA,C6orf136 (221545)
CCAGTCATCTGGGTGCCAGG,SEC24C (9632)
CCATGTTGCTGGCAGCCCGG,PPP5C (5536)
CCATTGGGTATTCTTCTGGA,UBE2N (7334)
CCCAACTTCACCTCTTCCAG,GTF2F2 (2963)
CCCCATCTAAAGATAGAAAG,DDX23 (9416)
CCCCTGCGCACCCGTTTCGG,UBE2Q2L (100505679)
CCCGTTTGTGCCTTGCCCAG,SPAG11B (10407)
CCCTGTGTATCCCTACCCGA,KDF1 (126695)
CCCTTCACTCACAGGAGACA,FAM21C (253725)
CCGAGTGCTGGAGCTACACA,CDC25A (993)
CCGCACCTCCAGCATCCAGG,CCND1 (595)
CCGCGCCTGCAGCAGGCCCA,PDCD6 (10016)
CCGTAGATCCGAGCACCAGC,RUNX2 (860)
CCGTTCATCATGCTGTACAT,FOXF1 (2294)
CCGTTGTACAACCATCCAGC,MPC2 (25874)
CCTACCTCGGAGAGAGACCG,KLF4 (9314)
CCTAGGCCTGGCTCATCCAG,RHBDL1 (9028)
CCTAGTCTCTGGAAAGTACG,SNAP23 (8773)
CCTCAGATCTGATGTCCAAG,VPS4A (27183)
CCTCATCTGAGGACTCCATA,MFAP1 (4236)
CCTCGATCCTTGGTCAGCGG,RFC4 (5984)
CCTGCATGATGAGAAAGTGA,SMC2 (10592)
CCTGCATGCCGAATACCGAC,TYMS (7298)
CCTGCGTTCTGAACTCACGG,PDGFRA (5156)
CCTGCTGCTCCTCCACCACG,C1orf109 (54955)
CCTGCTGGATGGTTGTACAA,MPC2 (25874)
CCTGTACTCGGCACTACTGG,MARS2 (92935)
CCTTCCCAGATTTAAAAGAG,C1orf109 (54955)
CCTTCCAGAAGAATACCCAA,UBE2N (7334)
CCTTCTCAGAGTCAGCAAAA,FAM21C (253725)
CCTTTCATCTGGTTGTAGCG,SMARCA4 (6597)
CGAAGACCTGAAAGATCCAG,DPPA5 (340168)
CGAAGACGCCGTTCTTGCCG,FOXK1 (221937)
CGAATATGATCCAACAATAG,KRAS (3845)
CGACAGCTCTCCCAACCAGG,PTBP1 (5725)
CGAGATGGAGTTCAATTGCG,NF2 (4771)
CGAGGTGTAGTAGTTCACCA,PTBP1 (5725)
CGAGGGCTTCAAGAAGCGGG,NUDT4 (11163)
CGATGATCTCCACCATGGTG,RUNX2 (860)
CGATTTAGTCAAGTGCATGA,CDC40 (51362)
CGCATTCAGATTCGCCGCCG,MZT1 (440145)
CGCCGCCGCCGCCTTCCCCG,FOXK1 (221937)
CGCCCTGCACCTCCTCGTCG,RASA4B (100271927)
CGCCGACTCCATGATCCCCG,FOXO3 (2309)
CGCGGCGGCGAATCTGAATG,MZT1 (440145)
CGCTTCAGTGATCAATCCCG,ITGA4 (3676)
CGGCCATTCGGGGAGCGCGG,GJD4 (219770)
CGGCGAATCTGAATGCGGTG,MZT1 (440145)
CGGCCTCACCTACTTTCCCG,MEN1 (4221)
CGGCTGGTACTGCTGTTCAG,PMVK (10654)
CGGCTGGCGCTGGCGCGGAG,VWA1 (64856)
CGGGTGGGCCCACCTGACAG,RASA4B (100271927)
CGGTCACTCACTGTAGCGCG,ATP5I (521)
CGGTCAGGCCTACAGCGACG,TM2D2 (83877)
CGGTTCAAAATAGCATAACG,PPIP5K2 (23262)
CGTCGAGCAATCCAAACCAG,MYOD1 (4654)
CGTGACTGTGGAATTCACCC,ZNF658 (26149)
CGTGCCTCCGTAGGTCTGCG,CCND1 (595)
CGTTACCCAGAATATCACGG,ZNF384 (171017)
CTAAGAGTGTATAAAAGATG,RABGGTB (5876)
CTACAGAAGCTGGACAACCA,C21orf2 (755)
CTACATCCCATCCATCCTGG,FAM129B (64855)
CTACCTGGAGGCAAGGGCGG,VKORC1L1 (154807)
CTAGAAGAAGGCTCTTTCCG,DERL2 (51009)
CTAGGAGAACCTATTCCTTG,HIAT1 (64645)
CTAGGTATGAAGTAGCTCCG,SMARCA4 (6597)
CTAGTCATACTTGGACCTCG,NHLRC2 (374354)
CTAGTGTTCCACACCAACAG,RAN (5901)
CTATGCCACCAACCACCACC,PRR12 (57479)
CTATGATGTGAAGCCTGGCG,SCYL1 (57410)
CTATGGAGTGTACAGCTGCG,RXRA (6256)
CTCCACCGATTATAATCCAA,SEPHS2 (22928)
CTCCATCTACGCCTACCACG,VKORC1L1 (154807)
CTCCTTCAGTGATGGAACGG,FAM21C (253725)
CTCTCTGGCCTCAAAGTCCG,RASA4B (100271927)
CTGACATGTAAGGATTCGTA,GOLGA6L1 (283767)
CTGACAGTAATGGATCTCAT,RABGGTB (5876)
CTGAGCGAGCAGAGACACCA,ZBTB18 (10472)
CTGCATGCCGAATACCGACA,TYMS (7298)
CTGCGGTTCTGGCTGATCCA,GJD4 (219770)
CTGGAGATAGAGGAGCCAAG,BCL11B (64919)
CTGGATGGTGCAATAATCCG,CCNE1 (898)
CTGTAAGTGCGGTGACAGCG,YPEL4 (219539)
CTTACTGACAATCTTATCCA,HNRNPA1 (3178)
CTTCAACGACTGTTTCCTGA,FOXA2 (3170)
CTTCAGAGCTCCATCAGCCG,PPP5C (5536)
CTTCAGGTCCCCCAGCACGA,TRIB1 (10221)
CTTCCGCGTCAGCTTCATGG,C21orf2 (755)
CTTCCTGCAGAAGAAGCAAA,WRAP53 (55135)
CTTCCTTGTTGGACTCCAGT,UFC1 (51506)
CTTCCTTTAGGAGACAAGGA,GSK3B (2932)
CTTCGAGTCTACTCGCCACA,DNM2 (1785)
CTTGAAGGAGACTAGCACCG,GATAD2A (54815)
CTTGAGACTGAGTCAGACCA,OR4N4 (283694)
CTTGCGGTCAAACTCCCGGT,ARHGAP1 (392)
CTTGGACTCGAGGTCGCTGG,CHKA (1119)
CTTGTCTTACAGGTACACCA,AK6 (102157402)
CTTGTTAGTCTTAGACAGCG,SP2 (6668)
CTTTAAAGCGTCATTGACAG,MEIS1 (4211)
CTTTCCGGAGTAGGTCCCAG,TRIB1 (10221)
GAAAACAACATGTTTCCACG,NHLRC2 (374354)
GAAAACCAAATTCTGCACCG,CHKA (1119)
CTTTGCATCTTGAATCCAGG,PLAGL2 (5326)
GAAACAGATGAAATACAGAA,USP45 (85015)
GAAAGATTATCAGAACACAG,KNTC1 (9735)
GAACAGCAGTACCAGCCGCG,PMVK (10654)
CTTTGCGGAGAGCTGCAAGC,GSK3B (2932)
GAACCCGAGGAGGAACCTGG,NUDT4 (11163)
GAAGGGAATGAAGATTCAGA,STARD7 (56910)
GAAGGGACAGAAGATGACAG,TP53 (7157)
GAAGGGGCTGAGATTCCAGG,GATA3 (2625)
GAAGGTCTCGAAGAAAACTT,ACTR1A (10121)
GAAGGTGGAGCACAGACAGA,RBFOX2 (23543)
GAATGCTTGGACAACAACGG,LDLR (3949)
GACACATGTATGCTTTGCAG,SEC24C (9632)
GACAGAGGTCGACCCCGACG,RASA4B (100271927)
GACATTGTATACGAGAAGGA,TBL1XR1 (79718)
GACCGAGGCCATGAACACGG,RHBDL1 (9028)
GACCTACTCCGGAAAGGCTG,TRIB1 (10221)
GACCTTGGATGACACCAGCG,ARHGAP1 (392)
GACGATCTACCCCATTACGG,MEIS1 (4211)
GACGCGGACCTACGACCGCG,NUDT4 (11163)
GACTACCTCAGAAACCCAGG,ZNF407 (55628)
GACTGAGTACAAACTGGTGG,NRAS (4893)
GACTGTGGAATTCACCCGGG,ZNF658 (26149)
GACTTGGACTAACAGCCGAA,PCDHA11 (56138)
GAGAAGCAGCAGCCACCGCA,FOXF1 (2294)
GAGAGCGCGCTGCTTTACCA,ITGA4 (3676)
GAGATCACTTCTTTGATAGG,NARS (4677)
GAGCAGCCAGATTCTGACGA,ZNF407 (55628)
GAGCCTGCGAAAGTACAAGG,ARHGDIA (396)
GAGCCTTTGATGTCCCCAAG,SRD5A3 (79644)
GAGCGACACGCCCAGCATGT,OST4 (100128731)
GAGCGGCACCAACAGCGGCG,RBX1 (9978)
GAGGATGCTGGACATCTCGG,FKBP6 (8468)
GAGTAACTATTCCCAGTCAG,PTEN (5728)
GAGTAGGCAGATCTCCCGGA,CDK5 (1020)
GAGTCAGCGTTACTGCACGT,C8orf33 (65265)
GAGTCTGGCCAACCACGCCG,PEX26 (55670)
GAGTTCTCCGAGAGCCTCAG,SPAG11B (10407)
GATATAATATCAAAAATGCG,SNRPB2 (6629)
GATCACATCGTAGGACTCCA,ACTR1A (10121)
GATCACCGACAAGATCACCA,PDS5A (23244)
GATCGCTCAAACAGCACCAG,UBE2Q2L (100505679)
GATCTATTAATGAGATGAAG,STARD7 (56910)
GATCTGAAGGACAAGATGGA,ING5 (84289)
GATCTGGGAGTAAGGCAACG,PIGS (94005)
GATGAAGAAGGCGTTCGCAC,NUMB (8650)
GATGACCCAGAGGCTGGCCA,ARNT (405)
GATGATAGAAATCAATGCAG,TBL1XR1 (79718)
GATGCTATATCATATAGCAA,NPEPPS (9520)
GATGCTTCTTCCTCTAACAG,GTSE1 (51512)
GATGGTACTGATGTTAAGGT,PPIP5K2 (23262)
GATGTACAGGATCAGAAGGA,ITGAV (3685)
GATGGTTTAAAAACCCCCAA,E2F3 (1871)
GATGTCCAGCGAGTCCACCA,PPP5C (5536)
GATGTTCTTGAGGTTCTCCA,EXOC3 (11336)
GATTCAAGTCCTATGCTCAG,SMC2 (10592)
GATTCTCCACCAGAGAAGAA,TYMS (7298)
GATTCTTTCGGGATGTTTGA,MBTD1 (54799)
GATTGCAGCGGAGAACGAGG,ARHGDIA (396)
GATTTGGCTCTGTTCTGTGT,PSENEN (55851)
GCAAAAAGATCCATGCCCAG,HMGCS1 (3157)
GCAAAGGGCCAGATTCCCCA,SEC24C (9632)
GCAACTCCTTGAAGGAACTG,CYB5B (80777)
GCAAGAAACTTACCTTCCCA,SCYL1 (57410)
GCAAGAGCCTGGCCAAGCAC,ZNF787 (126208)
GCAAGATCCTGACCCAACGG,SCAF1 (58506)
GCAAGGCCATGTCCAACAAG,FARSA (2193)
GCAAGGCCACACAAGGTGGA,HNRNPA1 (3178)
GCAATCCAGAAGACTTTGGT,MBTD1 (54799)
GCAATTATAAACTTGGAGCA,PSMG1 (8624)
GCACAATGACTGCAAACCAA,NCOA6 (23054)
GCACACTCAGGACAGCGCAA,EHMT1 (79813)
GCACATCTGCGCCATCTGCG,RXRA (6256)
GCACATCCGTATACACTCAG,ZNF384 (171017)
GCACCCACGAACTCGTCGCA,LZTR1 (8216)
GCACCTCAAAGATCTCCCGA,CNPPD1 (27013)
GCACCTACAAGGAGGCCTTT,PMVK (10654)
GCACGAGGAGGACACTGCGG,GNB1 (2782)
GCACGGGCTGAAGATTCAGC,MARS2 (92935)
GCACTGAGATGATATAAAAG,SRD5A3 (79644)
GCACTGGCTGAAGTGACGCT,RAD9A (5883)
GCAGAACCTCTTCTCCTCCA,CYB5B (80777)
GCAGAGTTGGAAAAATATGA,HMGCS1 (3157)
GCAGATTTCCCACGAAGAGG,PSPC1 (55269)
GCAGCAGGTGGGGGACTCAA,KDF1 (126695)
GCAGCCGTGGAAGCAGGAGG,CREBBP (1387)
GCAGCCGGAAGCTAGCATGG,PIGS (94005)
GCAGCGGCAGTGGATCCAGG,FAM129B (64855)
GCAGCTCTCCGCAAAGGAGG,GSK3B (2932)
GCAGCTGCTCACCACGGCGG,DERL2 (51009)
GCAGCTGGCCCAGATTGCAG,ARHGDIA (396)
GCAGGAAAGCAAACCCCCCT,PSENEN (55851)
GCAGGAGTCCGTGGACACCG,EHMT1 (79813)
GCAGGAGGTGGGCTACTGCA,TBC1D3 (729873)
GCAGGCTCTCCACCTCCCTG,TRAF2 (7186)
GCAGGGTCCAGTTCTCAGGG,C6orf136 (221545)
GCAGGTCTCTCTCTTCACCA,SRRM2 (23524)
GCAGGTGGTCATCTTCGTCG,BCL11B (64919)
GCAGTAATCATGTACACAAG,ACSL3 (2181)
GCAGGTTGCTGACATCCACC,HSD17B7 (51478)
GCAGTACTACAAAGATGCCA,DPF2 (5977)
GCAGTCACAGCACATGACGG,TP53 (7157)
GCAGTAGCTGACTCACCTAC,FIGNL1 (63979)
GCAGTCATCGAGTTCCACCT,KIAA1279 (26128)
GCAGTGTTAGTCACCATAGG,FIGNL1 (63979)
GCATAGCTGCCAGCTCCCGG,PRR12 (57479)
GCATCAGCTCCACTTTATCG,MPC2 (25874)
GCATCCATCACTGGGACAGA,TRAF2 (7186)
GCATCCCAGGAACTTGGTTA,TM2D2 (83877)
GCATGCGCAAACACAGCTGT,TIMM8B (26521)
GCATGCTCAGAGCCACCCAG,SMARCA4 (6597)
GCATGCCGAGAAACTTTGGT,SRRM2 (23524)
GCATTACCCCTACTACCGGA,FOXK1 (221937)
GCATTTGGATTCTTCCCACT,GNB1 (2782)
GCCAGTCTCTTGAATTCCCT,ZBTB10 (65986)
GCCATCCTCGAAGAAGACGA,BCL11B (64919)
GCCATGTCAGACTCGCCAGG,KLF4 (9314)
GCCATCTTCGCCAACATGCT,OST4 (100128731)
GCCATTGAGGATGAGTACAG,PPP5C (5536)
GCCCAGCATGTTGGCGAAGA,OST4 (100128731)
GCCCAGAAATAAATAGAGGG,OR4N4 (283694)
GCCCATGCTCACCTACCGCG,MYRF (745)
GCCCCAGATCCAGCTGCACG,RARG (5916)
GCCCGGCTACGACCTCAGAG,CR1 (1378)
GCCCGGCTATGACCTCAGAG,CR1 (1378)
GCCGCCTACTCTTACCGCCC,PDCD6 (10016)
GCCGCTCTCCACCATCCGCG,CDK6 (1021)
GCCGGCCAGGAGAAATTCGG,RAN (5901)
GCCGGGGCGGTAAGAGTAGG,PDCD6 (10016)
GCCGGTCTCGATGTCCCACA,GNB1 (2782)
GCCGTCCCCACCGTGCGCAG,BRAT1 (221927)
GCCTCAGCACCGCCACCTCG,CDK6 (1021)
GCCTCCCTCAGGCCTATGAG,FAM129B (64855)
GCCTGCACCTGGTAGCGAGG,ICMT (23463)
GCCTGGATCACCTTGATGAG,ATP5I (521)
GCGAGAGTCAAAGATCTCCC,ENO1 (2023)
GCGAGTGCCCGCCACAAAGA,USE1 (55850)
GCGATTGCAGAAGATGACCT,VHL (7428)
GCGCACGCTGTGCAGCTCCG,C21orf2 (755)
GCGCAAACACAGCTGTCGGA,TIMM8B (26521)
GCGCAGAGTGGGCATCACCA,PPP2R1A (5518)
GCGCCGCTGTTGGTGCCGCT,RBX1 (9978)
GCGCGCGATCCACCGCACGA,CDAN1 (146059)
GCGCGGAGCGGCGCGGAGCG,VWA1 (64856)
GCTAAAGAGCTGTCTTCCAA,TYMS (7298)
GCTAAATTAGAAGAAAGAAC,ZRANB2 (9406)
GCTATGGGAAAACCAAGTGT,SRD5A3 (79644)
GCTCAAACGTATCTTGAAGA,CFLAR (8837)
GCTCACCTCGGCATCGGCGG,EHMT1 (79813)
GCTCAGCTGGAGAAGAGCGG,GAB2 (9846)
GCTCATGCGGCTGAACCCAG,CORO1C (23603)
GCTCCGCGACGTAGACCTGA,MYOD1 (4654)
GCTCCTGCAGGATCTCCACA,SMARCA4 (6597)
GCTCCTGGACTGGTTTAAAA,BRAT1 (221927)
GCTCCTTCTCCCGCTCCACG,VKORC1L1 (154807)
GCTCGCCAAGGCTCTTTCCG,NUMB (8650)
GCTCTAGAACACCTGCCAGG,SRRM2 (23524)
GCTGAAAGAGAAAGCCACCA,ZBTB18 (10472)
GCTGAAGAAGTGCTTCCCCG,C1orf109 (54955)
GCTGAAGACGAGAAGGAGGA,NPEPPS (9520)
GCTGAAGGCCTGCTGACCCA,HSD17B7 (51478)
GCTGAATTATGCCAAAACCA,KNTC1 (9735)
GCTGACAGAGTACTTCTTGG,ITGAV (3685)
GCTGACATCCACCTGGACAA,HSD17B7 (51478)
GCTGAGCTCTTCTACCTGAA,C21orf2 (755)
GCTGCAATCCTGGAAGCGGA,CR1 (1378)
GCTGCAGCAGGAATAATGGT,MARCH5 (54708)
GCTGCATGTGGTTTGACACA,GAB2 (9846)
GCTGCGCTCCATCGACGACG,MEN1 (4221)
GCTGCTCGCGGCAGCAGAAG,PDCD2 (5134)
GCTGCTGTACCACTGAGCGC,RNF41 (10193)
GCTGGGAAGAGAAAGATCCG,NDUFA8 (4702)
GCTGGGCATGGAGCACCAGG,FARSA (2193)
GCTGGGCGAAGCCGATGAAG,TIMM8B (26521)
GCTGGTCCTTGTAAAAGAGG,ZBTB18 (10472)
GCTGTAAAACCTCCAAACGA,C6orf136 (221545)
GCTGTACAAAAACTTGCCCA,GAB2 (9846)
GCTGTCCTCTGTGGGGAACG,EHMT1 (79813)
GCTGTTGCGCAGCCACCACC,RUNX2 (860)
GCTTAGCCGCGGTCATGAGC,SDHAF1 (644096)
GCTTCGGGCACTTGACATGG,PTPLB (201562)
GCTTCTTTACCAGGATAAAA,HSD17B7 (51478)
GCTTGCGGCTGGCGCTGGCG,VWA1 (64856)
GCTTGGACAGAATATTGCTG,RIC1 (57589)
GCTTGTCCAAAAGGAAACAT,GMNN (51053)
GCTTGTAGATGGCCATGGCG,TP53 (7157)
GCTTTATCATCAAAGAAAGG,KIAA1279 (26128)
GCTTTCATAAATACTGACCG,ICE1 (23379)
GCTTTCAATCCGCTATCCCA,ACTR1A (10121)
GCTTTGGCACTACTAGTGGA,NUP98 (4928)
GCTTTGCCACCTCCTCCAAC,CYB5B (80777)
GCTTTGCCGCCGTCCAGCCA,GATA3 (2625)
GGAAAAATAACAACAAACCA,USP1 (7398)
GGAACTGTACAGGAACACGT,GOLGA6L1 (283767)
GGAAGAAGAGAAACCTGGGG,CDC40 (51362)
GGAAGAGCGGAAAAGCCCCC,FOXO3 (2309)
GGAAGATCGCTTACCCTCCG,PDS5A (23244)
GGAAGCTAGTGCCTGCGCCG,GSK3A (2931)
GGAATAGGAGAGGTATCCAT,ELF2 (1998)
GGAATGCCCATGAACATCCG,TBC1D3 (729873)
GGACAAAGCCAAGAACTACG,VPS4A (27183)
GGACACCAGCACCTACAAGG,PMVK (10654)
GGACACTCACCAGCCCTGCG,SCAF1 (58506)
GGACAGCGCGACGGAGGGCG,C17orf50 (146853)
GGACCTGCAGAACATTGTGC,UBE2D3 (7323)
GGACCTCAAACTGTTAACCG,E2F3 (1871)
GGACGAGGAGAGGATCCAGG,STARD7 (56910)
GGACTTTGCAAATAACTGTG,ZBTB10 (65986)
GGAGAAACTAACAATGAAAA,UBE2Q2L (100505679)
GGAGAACTGGGACGAGGCCG,VHL (7428)
GGAGATCAGGAACAAGTCAG,CNPPD1 (27013)
GGAGCAGCCCCATCATGCCG,CCNE1 (898)
GGAGGAAAAGAAGGAAGAGA,TSPYL5 (85453)
GGAGGACGATGAAGACGACG,FOXO3 (2309)
GGAGGAGTACATCAGCAAGG,MYRF (745)
GGAGGAGCTCTCCAGCCCGG,CNPPD1 (27013)
GGAGGGGGCAGCGCGAGCGG,CHKA (1119)
GGAGTACCTGCAGATCCCAC,DERL2 (51009)
GGAGTCTCGAAGAGTCTCAA,HMMR (3161)
GGAGTGAGCACACACTCGGG,NPIPB5 (100132247)
GGAGTTATTGTTGATTACCA,AK6 (102157402)
GGATATGCCGAAAAACATAG,ELF2 (1998)
GGATCATCAACCCTGATGGG,FOXO3 (2309)
GGATCCACAGGACTTCCAAA,ACSL3 (2181)
GGATCAGCTCTTCCATCCCG,DNM2 (1785)
GGATGCCTGTGACTGAGAGA,ADNP (23394)
GGATGTGGATCACTCTAGAG,PTBP1 (5725)
GGATTCTTACAGAAAACAAG,NRAS (4893)
GGATTTGGAACAAATCCAGG,NUP98 (4928)
GGCAAGACCATCCTTAGCCA,NCOA6 (23054)
GGCCACACCGAGGAACAGGG,ATP5I (521)
GGCCGGGGAGAAGTTCGTGG,GTSE1 (51512)
GGCGAGCCTGAGGCGAACAA,TIMM8B (26521)
GGCGCTGGCGCGGAGCGGCG,VWA1 (64856)
GGCGCCTGACACTCACCAAG,PSPC1 (55269)
GGCTGCAGAGTACATCTCCA,ING5 (84289)
GGGAAAATACTTGCCTTAGG,UBE2D3 (7323)
GGGAAAATAGCCCAACTGGA,HMMR (3161)
GGGAAGAAGCAAGAAATAGA,FRA10AC1 (118924)
GGGAAGAGAAAGATCCGAGG,NDUFA8 (4702)
GGGAGAATGCAGCTGTCCCG,RXRA (6256)
GGGCCGGGTGCACCGCCGCG,MYOD1 (4654)
GGGCGCAAACCAGAAGAAGA,SAFB (6294)
GGGCTGCAGCCGTCATGCCG,NDUFA8 (4702)
GGGGACCCTGAAAGAATACG,TRAF2 (7186)
GGGGCTCTCGAAGCTCCGGA,MIB1 (57534)
GGGGGAAGCGCGTTAAACCA,FKBP6 (8468)
GGGGGAGCTAAAGATCCTGA,NCOA6 (23054)
GGGTACCTACCACTTCTCCA,PDGFRA (5156)
GGTACGCTACCTCCAACACA,ICE1 (23379)
GGTACTCCCTGCGCGTCCCG,C8orf33 (65265)
GGTAGCATCGACCCTAACCG,ZNF384 (171017)
GGTAGCCTATGCTAAGAAAG,CREBBP (1387)
GGTCCAAGCCTTCTTCTATG,SNAP23 (8773)
GGTCCCTTGGAATATTCGAG,PTPRG (5793)
GGTCGTGCTGCACAGCCACG,ITGA4 (3676)
GGTCTGCGAGAAATTCCAGG,KIAA1279 (26128)
GGTCTGGTCTACGGGTGCGG,KDF1 (126695)
GGTGAAGCGGGCATAGAGGG,MEN1 (4221)
GGTGACGGTAGAAGTACCAG,RHBDL1 (9028)
GGTGCACCTGGACTTCCGGG,PEX26 (55670)
GGTGCCAAAGTCTTCCTGCG,KIAA0907 (22889)
GGTGCGTTAGAAGGATATAG,NARS (4677)
GGTGCTCTACGAAAACAAAG,FAM129B (64855)
GGTGCTGATCGAGACCACCG,SP2 (6668)
GGTGGAATAAGTGCTAGTAT,RABGGTB (5876)
GGTGGCGACGATCTTCCGCA,CCND1 (595)
GGTGGCTGACAAGTTCACAG,PPP2R1A (5518)
GGTGGCCCGCCACTTCACCA,GSK3A (2931)
GGTGGGCGAGAGCGAGCCGG,PSPC1 (55269)
GGTGGGTTATGGTCTTCAAA,PTEN (5728)
GGTTCCTGAGAGGGGCCGCA,IRF9 (10379)
GGTTCTGATATCCATCCAGT,MBTD1 (54799)
GGTTCCTTCGGACCAGCCCG,SEC24C (9632)
GGTTGTGCTCACAGTCGCTG,RNF41 (10193)
GGTTTACATAGATTTCCAGG,ITGAV (3685)
GTAAAAAGAAAAAATACAGA,ZRANB2 (9406)
GTAAAGCAGTTACTTCCAAG,ADNP (23394)
GTAAATAGCGATTACAGTAG,ADNP (23394)
GTAACCTTACACAACAGTGA,PDGFRA (5156)
GTAAGTACCTCTATGATGAA,CNPPD1 (27013)
GTAATTCACAAAGTTCACCA,NAIP (4671)
GTACAAAGTCATCGTGACGG,ICE1 (23379)
GTACACAATCAAGGACACAG,NF2 (4771)
GTACACTTTGACGGTCCCCG,PDGFRA (5156)
GTACCGATAATAGCTGCCCA,PTPRG (5793)
GTACCTGGTCATCTACAATG,PTPLB (201562)
GTACGAGTCTGCCAACAGCA,CREBBP (1387)
GTACGACTAGGTACAGGCGA,EP300 (2033)
GTACTCTAGCGAGGTCTGCG,NHLRC2 (374354)
GTACTCGATGCGCAGCACGT,SDHAF1 (644096)
GTAGAAGTTGATGAATCAAG,NUMB (8650)
GTAGACGGAGAGGGGCCCCG,GATA3 (2625)
GTAGACCCTGCCACGAGCAA,PTPRF (5792)
GTAGACCTGCAGTCATCTAG,RIC1 (57589)
GTAGATATCCTTCATACATA,USP1 (7398)
GTAGAGGTCACTCAGCACGT,SEPHS2 (22928)
GTAGATGACCAGGTACGCCG,PTPLB (201562)
GTAGATCCTCTGCACCTGCA,MARCH5 (54708)
GTAGCGAAGCGAATCCGTAG,PSPC1 (55269)
GTAGGAGTACAGCTGTCCGG,DPF2 (5977)
GTAGGCCCACCAAACTCGGA,PRR12 (57479)
GTAGGGCCGGGCGATAATGG,USE1 (55850)
GTAGGTGGTAGCCCTCGGAG,RUNX2 (860)
GTAGTATTCATTGGGCACGT,GSPT1 (2935)
GTAGTTGATGGGGGAGACAT,NPEPPS (9520)
GTATGAATCTTTCCACGCCC,GTSE1 (51512)
GTATGCATCTGCCTTCGGTC,FIGNL1 (63979)
GTATTGCATTAGATGAAACA,ZNF407 (55628)
GTATTGCTGGAAGAAGAGCG,RAD9A (5883)
GTCACTATGGACCAGCTGCA,CDC25A (993)
GTCCATGGTGACGATCCTCA,NF2 (4771)
GTCCTCCCTCAGCAACCTGG,C1orf109 (54955)
GTGACGATTCCTGAACCGCG,DNM2 (1785)
GTGCCGCCTTCATCGCCCAA,C8orf33 (65265)
GTGGCGTCGTGAGTGCCGAC,PDS5A (23244)
GTGGTTTCTCTGGAAACGGG,SMARCE1 (6605)
GTGTCCATACTGATGCCTGA,ZNF384 (171017)
GTTACCTTGATGATCCTGCG,UBE2N (7334)
GTTCAAATCCAATACCCCAT,E2F3 (1871)
GTTCATAATGAATTAGAAGA,RASA1 (5921)
GTTCCACTCACCTTGAAGAG,SCYL1 (57410)
GTTCCACCAGACCAGACGAG,NAIP (4671)
GTTCCTGTTGAACTTCCTGA,CDAN1 (146059)
GTTCCTTCTTGACTACCAGG,PLCG1 (5335)
GTTCTTGTCCTTCTTCACTA,MDM2 (4193)
GTTGATGTCTCGGAACACCA,PTPRF (5792)
GTTGCTGCTCTGCTCCCCGT,RBFOX2 (23543)
GTTGGCAGACCTCTTCAGCT,GATAD2A (54815)
GTTGGGGTCTGGAAAAGCCA,WRAP53 (55135)
GTTGGGCTTCTCCATCACGA,VPS4A (27183)
GTTGGCGCTCGGGTAGTGCG,MIB1 (57534)
GTTGTTATTCCACAGTTCGG,TM2D2 (83877)
GTTTATGGAGAAAAAGAAAA,RBFOX2 (23543)
TAAAGACCATGAAGATGAGG,SNRPB2 (6629)
TAATGAAAAGAAATAGAGAT,TATDN1 (83940)
TAGGAAATAGAGCGGCGGCG,MFAP1 (4236)
TAGGAGCTAGTAGATCCCGA,FIGNL1 (63979)
TAGTAGCTGCTCCAGTCGGA,FOXA2 (3170)
TATACTCCTCATATGCCAGG,TBC1D3 (729873)
TATAGAATGTGAAGACCCAG,TM2D2 (83877)
TATAGTCCGAAACAAGGTGA,CFLAR (8837)
TATCACCTATGGGTAATCAG,RIC1 (57589)
TATCTCTTCCGATCTGGCCA,NAIP (4671)
TATGAATTCAGGAGTCTGGG,PSMG1 (8624)
TATGTAAGCAAGGTACGCGG,SMARCE1 (6605)
TATGTTGTGGACGATCAACG,JAK1 (3716)
TATTGATGGCAAATACACAG,NRAS (4893)
TCAAACAGCTAATATACCGG,MEIS1 (4211)
TCAAATTCACCACATCTTGT,TATDN1 (83940)
TCACAGCACTGGACACTCGG,PPP2R1A (5518)
TCACCAATCTGCAATCCACC,MIB1 (57534)
TCACCTCAGCTGAGTAACAG,CDK5 (1020)
TCACGGAAGCCTCCCAGGAT,FAM21C (253725)
TCAGAAATACCATCAGAGGA,ZBTB10 (65986)
TCAGGCTGCAACAACAGCAG,WBP1 (23559)
TCAGTACCCGAGTTTCCGGA,NHLRC2 (374354)
TCATCCAGCGGCCCGTCCCG,RHBDL1 (9028)
TCATTGCCTTTCAGATGCGG,DNM1L (10059)
TCCAGAACTGAGGAATGCAG,LDLR (3949)
TCCCTTCTCAGGATTCCTAC,KRAS (3845)
TCCGTGAGCAACATGAACGC,FOXA2 (3170)
TCCGTTTCCTTCTTCCACAA,C17orf50 (146853)
TCCTCAGTCCCAGCTCGGCA,PSMG1 (8624)
TCGAGGACAGACTCAAGACG,KIAA0907 (22889)
TCGATCTCCGAGTCGCCGGG,SCAF1 (58506)
TCGCACATACAGGTTCGCAG,PTPRF (5792)
TCGCCCTCCTCCGCTACCCG,C17orf50 (146853)
TCGGGAACTTTCACCCACGG,DPPA5 (340168)
TCGGATCTTTCTCTTCCCAG,NDUFA8 (4702)
TCTACGCCTACCACGTGGAG,VKORC1L1 (154807)
TCTAGCTGCTGCCAAAATAG,RFC4 (5984)
TCTATGCGCTGCACACCCCA,CR1 (1378)
TCTCCAGCAGACAGGCCACG,BRAT1 (221927)
TCTCCAGCATCGCCAGTGAG,RAD9A (5883)
TCTCCTCCTCGAATTCTGGG,PCDHA11 (56138)
TCTCGGGGAAGACACCCAGG,TSPYL5 (85453)
TCTCTGAGCGAGAACACCGG,PCDHA11 (56138)
TCTCTTCTAGTAGTCTTCTG,ESCO1 (114799)
TCTGAGTATTTGAGAATGAG,RABGGTB (5876)
TCTGCATCTGGATCTCTTGT,GMNN (51053)
TCTGCAGGCCTGATCCACAT,NXT1 (29107)
TCTGCCCTAGGATAACGCTG,CDAN1 (146059)
TCTGCGGTTTAATATCCCGA,GSK3B (2932)
TCTGGATTAGAAGAAAATAG,MEIS1 (4211)
TCTGGCCAAGAAAAAGGCTG,DDX23 (9416)
TCTGGGCCCTCACCTGGCCG,FKBP6 (8468)
TCTGTGAGACCAGGGCCGAG,ACSL3 (2181)
TCTGTTGGTGTGGAACACTA,RAN (5901)
TCTTCGGGAACTTTCACCCA,DPPA5 (340168)
TCTTCTCCGCAGGATGATCA,OST4 (100128731)
TCTTGCTCTGAGTGAAGCTG,ZNF787 (126208)
TCTTGGGGACATCAAAGGCT,SRD5A3 (79644)
TCTTGGGCTGGCTGAAGCCG,ZNF787 (126208)
TCTTTCTTAGGAGCACCTGG,GSPT1 (2935)
TGAACACAAACACCAGCTGG,RNF41 (10193)
TGAACCCGAACCATAGGAAG,CDC40 (51362)
TGAACATTGAAGAACTGCCG,STARD7 (56910)
TGAAGAGTCCTTGTGCTCCG,BRAT1 (221927)
TGAAGCTGCAGGTCACCCAA,HMMR (3161)
TGAATCCCGGGAAAAGAAAG,NARS (4677)
TGACAACGATTGGTTCCGAC,UFC1 (51506)
TGACCACTCTCACAGAGGTA,WBP1 (23559)
TGACCAACCAGAGAAAAGGC,PSENEN (55851)
TGACGAGAGGAGCTGTCCAG,CDC25A (993)
TGACGTCGAGAACAACTCCA,SRRM2 (23524)
TGAGCCCCGCGCCATGGCCG,NF2 (4771)
TGAGCCAGCTGAGTTTCGAT,JAK1 (3716)
TGAGCCGCTGGCCATCCCGC,KDF1 (126695)
TGAGGCTCTCGGAGAACTCA,SPAG11B (10407)
TGAGTAGGCAGATCTCCCGG,CDK5 (1020)
TGAGTGCCCCGAACAAGCGG,GATAD2A (54815)
TGATAAACTGAAATGCCTTG,SNAPC3 (6619)
TGATATTGTGAAGAGCCCCA,EP300 (2033)
TGATGATCTCGCAGAAGCAG,NAIP (4671)
TGATGCATCACCTTCCAAGG,DDX23 (9416)
TGCAGTAGACAGAATAGCAG,HMGCS1 (3157)
TGCATAGTAGCTGCTCCAGT,FOXA2 (3170)
TGCCAACTACCGCTGCTCCG,MIB1 (57534)
TGCCAATATCCAGTACCAGG,SP2 (6668)
TGCCGTCATGTCTAAGTCAG,HNRNPA1 (3178)
TGCTGGTCCTCAGAATCCAG,ZNF787 (126208)
TGGACCTCTCCACCATCAAG,CREBBP (1387)
TGGAGAAACGAGGAGCCACG,PTPRF (5792)
TGGATGGAAAAGCGACACCG,DPF2 (5977)
TGGCTCCGTAGGCCACACCG,ATP5I (521)
TGGGAGGCAGAAGAAAGGGG,TSPYL5 (85453)
TGGGTGGATGAAAAGCAAAG,MARCH5 (54708)
TGGTCCAACGAAGAATCTGG,PPIP5K2 (23262)
TGGTGACTCCAGTTGCCCAA,EP300 (2033)
TGGTTCTGCCAGCAAACGCT,UBE2N (7334)
TGTACGAGCGGTTAAGTCAG,FKBP6 (8468)
TGTACAGCGTCCTCTCGACA,ZNF658 (26149)
TGTACTCCTTTACAGATGCA,FRA10AC1 (118924)
TGTCAAACTCATATTTCAGG,UFC1 (51506)
TGTCACCCGCTTCCTCAACG,CYB5B (80777)
TGTAGGGATCTTCTACCAAG,SEPHS2 (22928)
TGTCATTCAGCCGTTCTAAG,TUBG1 (7283)
TGTCCCGGCACACAGCCACG,LZTR1 (8216)
TGTCGATGTGGTTCACCCCG,KIAA1279 (26128)
TGTCTCCACAGTCCTTCCAA,YPEL4 (219539)
TGTCTGCTCTGATTTCACTC,AHCYL1 (10768)
TGTGAACGCCAGTGACACCG,SP2 (6668)
TGTGAACCACTCAGCCACTG,SPAG11B (10407)
TGTGCCAGTACTGTGCCCAG,PLAGL2 (5326)
TGTGCTGCCTGTGTTCACGA,TRAF2 (7186)
TGTGGAACTCGTCCTCGCGG,CHKA (1119)
TGTGTCACTCCATTGCTGGG,TUBG1 (7283)
TGTGTGGTCTGGACACACAA,CDC40 (51362)
TTAAAGACCATGAAGATGAG,SNRPB2 (6629)
TTAAAGTTGATCACATCAAA,ZNF658 (26149)
TTAACTCAAGAACTCTTAAT,RFC4 (5984)
TTAAGGCTACTGATGCCCGA,NPEPPS (9520)
TTAATGTCAATTAAGCCCAA,PCDHA11 (56138)
TTACAGATACTACTACCAAA,ELF2 (1998)
TTACAGATGCATGGTCATGG,FRA10AC1 (118924)
TTACATTTAGGTCAGTCCGA,PTPRG (5793)
TTACCCAGTTGCACCACCAG,RASA1 (5921)
TTACCTCAATGGCTAAACCC,SNAP23 (8773)
TTACCTTATGAAATATAACA,SNAPC3 (6619)
TTACCTTCTCCGCAGCCCCA,GTSE1 (51512)
TTACGAAGCAAAGAGAAACA,VPS4A (27183)
TTACGCAGTAGAGAAATTCA,ESCO1 (114799)
TTACTTCTAGGAGGAACAAG,MBTD1 (54799)
TTAGCCATGGCGAGTAGCAG,MZT1 (440145)
TTAGGGCTTCCTGATGTTGG,GOLGA6L1 (283767)
TTAGTACTTGAAGAATAAAG,ZNF148 (7707)
TTATAAGAGAGAGTGATCGG,RASA1 (5921)
TTATCCTTCAGAAAATAAAG,SMC2 (10592)
TTATCTTCAGTGTGTCTTGG,NARS (4677)
TTATTCATCGGGGAAGCGTG,WRAP53 (55135)
TTGCAATGTGATGGAAGGGG,MDM2 (4193)
TTGCTGTCCCGCCTGTACAT,NXT1 (29107)
TTGTCCAGAGGGCTATTAAG,ARNT (405)
TTGTCTTACAGGTACACCAG,AK6 (102157402)
TTTCAGATCGAGGTGCAGAA,JAK1 (3716)
TTTCCAGAAGGCCTATCGGA,PIGS (94005)
TTTCCCGTAAAATATCCAGA,CFLAR (8837)
TTTCCTATGATTGCATTGGG,HMGCS1 (3157)
TTTCCGGTCCATCTTATCAT,IFNAR2 (3455)
TTTCGTCCTCCTCATTCCAT,FRA10AC1 (118924)
TTTCTCGTATTTCTGCATCG,CDK5 (1020)
TTTGTGACCTCACAGATGAG,IFNAR2 (3455)
